ID,Room Name,Building,Room Number,Room Type,WD Room Type,Department,Seating,"Technology/Equipment Additional Notes",Technology Details,PC CCID,System,System Name,Operating System,Optical Drive,"Wireless Projection (Solstice)",Number of Lab Computers,Record / Stream,"Video Conferencing (Zoom Room)",Phone in Room,Photo Index,Photo URL,Photo 360 View,,,,,,,,
8413,Alfond 205,Alfond,205,Classroom,Classroom,All,20,TV,"HDMI, VGA",,,,,,,,No,No,,,,,,,,,,,,
8414,Alfond 305,Alfond,305,Classroom,Classroom,,,,,,,,,,,,No,No,,,,,,,,,,,,
8415,Alfond 405,Alfond,405,Classroom,Classroom,All,20,TV,"HDMI, VGA",,,,,,,,No,No,,,,,,,,,,,,
8416,Alfond 505,Alfond,505,Classroom,Classroom,,,Projector,"HDMI, VGA",,,,,No,Yes,,No,No,,,,,,,,,,,,
8410,Alfond Chace Forum,Alfond,Chace Forum,Forum,Lecture Hall,All,100,,,,,,,,,,No,No,,,,,,,,,,,,
6816,Arey 001,Arey,1,Lab/Seminar,Instructional Lab,Bio,16,"class macs, instructor computer, projector ",,190347,iMac,,Mac,No,No,6,No,No,,90,https://www.colby.edu/acits/wp-content/uploads/sites/178/2024/07/Arey_1_2024.jpg,"[vrview img=""https://www.colby.edu/acits/wp-content/uploads/sites/178/2024/07/Arey_1_2024.jpg""]",,,,,,,,
6810,Arey 005,Arey,5,Auditorium,Lecture Hall,Bio/Chem/Cinema,125,"Projector, Cinema projector, Surround sound",Oppo BluRay,220265,Mac Mini,,Both,Yes,No,,Yes,No,,91,https://www.colby.edu/acits/wp-content/uploads/sites/178/2024/07/Arey_5_2024.jpg,"[vrview img=""https://www.colby.edu/acits/wp-content/uploads/sites/178/2024/07/Arey_5_2024.jpg""]",,,,,,,,
6817,Arey 201,Arey,201,Lab/Seminar,Instructional Lab,Bio ,18,"Projector, Side TV, classroom iMacs ",,230115,iMac,,Mac,No,No,9,No,No,,92,https://www.colby.edu/acits/wp-content/uploads/sites/178/2024/07/Arey_201_2024.jpg,"[vrview img=""https://www.colby.edu/acits/wp-content/uploads/sites/178/2024/07/Arey_201_2024.jpg""]",,,,,,,,
6818,Arey 202,Arey,202,Lab/Seminar,Instructional Lab,Bio ,18,"Projector, Side TV, 9 iMacs",,230125,iMac,,Mac,No,No,9,No,No,,93,https://www.colby.edu/acits/wp-content/uploads/sites/178/2024/07/Arey_202_2024.jpg,"[vrview img=""https://www.colby.edu/acits/wp-content/uploads/sites/178/2024/07/Arey_202_2024.jpg""]",,,,,,,,
6819,Arey 205,Arey,205,Lab/Seminar,Instructional Lab,Bio,18,"Projector, 9 Classroom iMacs, Printer",,230135,iMac,,Mac,No,No,9,No,No,,94,https://www.colby.edu/acits/wp-content/uploads/sites/178/2024/07/Arey_205_2024.jpg,"[vrview img=""https://www.colby.edu/acits/wp-content/uploads/sites/178/2024/07/Arey_205_2024.jpg""]",,,,,,,,
6820,Arey 207,Arey,207,Lab/Seminar,Instructional Lab,Bio,19,"Projector, 9Classroom iMacs",,230145,iMac,,Mac,No,No,9,No,No,,95,https://www.colby.edu/acits/wp-content/uploads/sites/178/2024/07/Arey_207_2024.jpg,"[vrview img=""https://www.colby.edu/acits/wp-content/uploads/sites/178/2024/07/Arey_207_2024.jpg""]",,,,,,,,
1,Arey 302,Arey,302,Lab/Seminar,Instructional Lab,,,2 classroom imacs,,180008,PC,,Windows,No,No,2,No,No,,96,https://www.colby.edu/acits/wp-content/uploads/sites/178/2024/07/Arey_302_2024.jpg,"[vrview img=""https://www.colby.edu/acits/wp-content/uploads/sites/178/2024/07/Arey_302_2024.jpg""]",,,,,,,,
6821,Arey 305,Arey,305,Lab/Seminar,Instructional Lab,Bio,18,"Projector, 6 Classroom iMacs",,,iMac,,Mac,No,No,6,No,No,,97,https://www.colby.edu/acits/wp-content/uploads/sites/178/2024/07/Arey_305_2024.jpg,"[vrview img=""https://www.colby.edu/acits/wp-content/uploads/sites/178/2024/07/Arey_305_2024.jpg""]",,,,,,,,
6822,Arey 307,Arey,307,Lab/Seminar,Instructional Lab,Bio,24,"Projector, Printer",,190318,iMac,,Mac,No,No,,No,No,,98,https://www.colby.edu/acits/wp-content/uploads/sites/178/2024/07/Arey_307_2024.jpg,"[vrview img=""https://www.colby.edu/acits/wp-content/uploads/sites/178/2024/07/Arey_307_2024.jpg""]",,,,,,,,
6735,Bixler 075,Bixler,75,Classroom,Classroom,Art,40,"Projector, Doc Cam (ELMO)",,210932,Mac Mini,,Mac,No,No,,No,No,,73,https://www.colby.edu/acits/wp-content/uploads/sites/178/2024/07/Bixler_75_2024.jpg,"[vrview img=""https://www.colby.edu/acits/wp-content/uploads/sites/178/2024/07/Bixler_75_2024.jpg""]",,,,,,,,
6736,Bixler 102,Bixler,102,Seminar,Classroom,Art/Music,20,Projector,,210159,Mac Mini,,Mac,Yes,No,,No,No,,66,https://www.colby.edu/acits/wp-content/uploads/sites/178/2024/07/Bixler_102_2024.jpg,"[vrview img=""https://www.colby.edu/acits/wp-content/uploads/sites/178/2024/07/Bixler_102_2024.jpg""]",,,,,,,,
6823,Bixler 117,Bixler,117,Studio,Studio,Art,20,,,,,,,,,,No,No,,,,,,,,,,,,
6737,Bixler 132,Bixler,132,Class/Cluster,Classroom,Art/Music,16,"Projector, 16 Classroom iMacs, Apple TV",Oppo bluray,200545,iMac,,Mac,Yes,No,,No,No,,69,https://www.colby.edu/acits/wp-content/uploads/sites/178/2024/07/Bixler_132_2024.jpg,"[vrview img=""https://www.colby.edu/acits/wp-content/uploads/sites/178/2024/07/Bixler_132_2024.jpg""]",,,,,,,,
6738,Bixler 142,Bixler,142,Seminar,Classroom,Art/Music,10,,,,,,,,,,No,No,,,,,,,,,,,,
6739,Bixler 150,Bixler,150,Classroom,Classroom,Music/Art,30,Projector,Oppo bluray,220270,Mac Mini,,Mac,Yes,No,,No,No,,67,https://www.colby.edu/acits/wp-content/uploads/sites/178/2024/07/Bixler_150_2024.jpg,"[vrview img=""https://www.colby.edu/acits/wp-content/uploads/sites/178/2024/07/Bixler_150_2024.jpg""]",,,,,,,,
6740,Bixler 154,Bixler,154,Classroom,Classroom,Art/Music/Cinema,38,"Projector,Doc Cam (Samsung)",Oppo bluray,220261,Mac Mini,,Mac,Yes,No,,No,No,,68,https://www.colby.edu/acits/wp-content/uploads/sites/178/2024/07/Bixler_154_2024.jpg,"[vrview img=""https://www.colby.edu/acits/wp-content/uploads/sites/178/2024/07/Bixler_154_2024.jpg""]",,,,,,,,
6811,Bixler 178 (Given),Bixler,178 (Given),Auditorium,Lecture Hall,Art/Music/Cinema,350,,,,,,,,,,No,No,,,,,,,,,,,,
6824,Bixler 219,Bixler,219,Studio,Classroom,Music,30,,,,,,,,,,No,No,,,,,,,,,,,,
6741,Bixler 226,Bixler,226,Classroom,Classroom,Music,25,Projector,,025200,Mac Mini,,Mac,No,No,,No,No,,70,https://www.colby.edu/acits/wp-content/uploads/sites/178/2024/07/Bixler_226_2024.jpg,"[vrview img=""https://www.colby.edu/acits/wp-content/uploads/sites/178/2024/07/Bixler_226_2024.jpg""]",,,,,,,,
2,,Bixler ,250,,Studio,,,,,,,,,,,,No,No,,,,,,,,,,,,
6742,Bixler 278,Bixler,278,Studio,Studio,Art,20,"Projector, 14 Classroom iMacs, 2 Epson Photo Scanners",,180404,iMac Pro,,Mac,No,Yes,14,No,No,,71,https://www.colby.edu/acits/wp-content/uploads/sites/178/2024/07/Bixler_278_2024.jpg,"[vrview img=""https://www.colby.edu/acits/wp-content/uploads/sites/178/2024/07/Bixler_278_2024.jpg""]",,,,,,,,
6743,Bixler 283,Bixler,283,Studio,Studio,Art,20,"Projector, Doc Cam (Samsung), Epson scanners, Wacom tablets ",,230564,Mac Mini,,Mac,No,No,16,No,No,,72,https://www.colby.edu/acits/wp-content/uploads/sites/178/2024/07/Bixler_283_2024.jpg,"[vrview img=""https://www.colby.edu/acits/wp-content/uploads/sites/178/2024/07/Bixler_283_2024.jpg""]",,,,,,,,
6826,Bixler 302,Bixler,302,Studio,Classroom,Art,20,,,,,,,,,,No,No,,,,,,,,,,,,
6856,Davis 101,Davis,101,Conference,Seminar Classroom,CompSci,12,"Side TV, 5 Mac Minis",,210815,Mac Mini,,Mac,No,No,4,No,No,,34,https://www.colby.edu/acits/wp-content/uploads/sites/178/2024/07/Davis_101_2024.jpg,"[vrview img=""https://www.colby.edu/acits/wp-content/uploads/sites/178/2024/07/Davis_101_2024.jpg""]",,,,,,,,
6744,Davis 102,Davis,102,Class/Cluster,Computer Classroom,CompSci,26,"Projector, TV, 23 Classroom Mac Minis, Printer, Eno board",,210931,Mac Mini,,Mac,Yes,No,,No,No,,,,,,,,,,,,
6745,Davis 117,Davis,117,Seminar,Seminar Classroom,CompSci,30,"Projector, Rolling Cart, Two Eno boards, Printer",Oppo BluRay,025191,Mac Mini,,Mac,Yes,No,,No,No,,35,https://www.colby.edu/acits/wp-content/uploads/sites/178/2024/07/Davis_117_2024.jpg,"[vrview img=""https://www.colby.edu/acits/wp-content/uploads/sites/178/2024/07/Davis_117_2024.jpg""]",,,,,,,,
6746,Davis 122,Davis,122,Robotics Lab,Instructional Lab,CompSci,16,"Side TV, 15 Classroom Dells, Suspended Outlets",No classroom computer,,,,Mac,No,No,15,No,No,,36,https://www.colby.edu/acits/wp-content/uploads/sites/178/2024/07/Davis_122_2024.jpg,"[vrview img=""https://www.colby.edu/acits/wp-content/uploads/sites/178/2024/07/Davis_122_2024.jpg""]",,,,,,,,
6827,Davis 132,Davis,132,Conference,Seminar Classroom,Psych,12,"Projector, Eno Board, Printer",,7040-220064,PC,,Windows,No,No,,No,No,,37,https://www.colby.edu/acits/wp-content/uploads/sites/178/2024/07/Davis_132_2024.jpg,"[vrview img=""https://www.colby.edu/acits/wp-content/uploads/sites/178/2024/07/Davis_132_2024.jpg""]",,,,,,,,
6747,Davis 201,Davis,201,Classroom,Classroom,Math,34,Projector ,Oppo BluRay,190183,iMac,,Mac,Yes,No,,No,No,,38,https://www.colby.edu/acits/wp-content/uploads/sites/178/2024/07/Davis_201_2024.jpg,"[vrview img=""https://www.colby.edu/acits/wp-content/uploads/sites/178/2024/07/Davis_201_2024.jpg""]",,,,,,,,
8407,Davis 216,Davis,216,Computer Lab,Computer Classroom,,14?,"14 Classroom iMacs, Printer",No classroom computer,,,,,No,No,14,No,No,,39,https://www.colby.edu/acits/wp-content/uploads/sites/178/2024/07/Davis_216_2024.jpg,"[vrview img=""https://www.colby.edu/acits/wp-content/uploads/sites/178/2024/07/Davis_216_2024.jpg""]",,,,,,,,
6748,Davis 217,Davis,217,Seminar,Seminar Classroom,Math,16,Projector,Oppo BluRay,022237,iMac,,Mac,Yes,No,,No,No,,40,https://www.colby.edu/acits/wp-content/uploads/sites/178/2024/07/Davis_217_2024.jpg,"[vrview img=""https://www.colby.edu/acits/wp-content/uploads/sites/178/2024/07/Davis_217_2024.jpg""]",,,,,,,,
6828,Davis 300,Davis,300,Lab/Seminar,Seminar Classroom,Psych,12,"Projector, Doc Cam",,190473,PC,,Windows,No,No,,No,No,,45,https://www.colby.edu/acits/wp-content/uploads/sites/178/2024/07/Davis_300_2024.jpg,"[vrview img=""https://www.colby.edu/acits/wp-content/uploads/sites/178/2024/07/Davis_300_2024.jpg""]",,,,,,,,
6749,Davis 301,Davis,301,Classroom,Classroom,Psych,48,"Projector, Eno board ",Oppo BluRay,190516,PC,,Windows,Yes,No,,No,No,,44,https://www.colby.edu/acits/wp-content/uploads/sites/178/2024/07/Davis_301_2024.jpg,"[vrview img=""https://www.colby.edu/acits/wp-content/uploads/sites/178/2024/07/Davis_301_2024.jpg""]",,,,,,,,
6829,Davis 306,Davis,306,Class/Cluster,Classroom,Psych,16,"Projector, Classroom iMacs, Printer",,200253,PC,,Windows,No,No,6,No,No,,41,https://www.colby.edu/acits/wp-content/uploads/sites/178/2024/07/Davis_306_2024.jpg,"[vrview img=""https://www.colby.edu/acits/wp-content/uploads/sites/178/2024/07/Davis_306_2024.jpg""]",,,,,,,,
6750,Davis 307,Davis,307,Seminar,Classroom,Psych,20,"Projector, Eno board",Oppo BluRay,9020-023024,PC,,Windows,Yes,No,,No,No,,42,https://www.colby.edu/acits/wp-content/uploads/sites/178/2024/07/Davis_307_2024.jpg,"[vrview img=""https://www.colby.edu/acits/wp-content/uploads/sites/178/2024/07/Davis_307_2024.jpg""]",,,,,,,,
6751,Davis 308,Davis,308,Computer Lab,Computer Classroom,CompSci/Math,32,"Projector, 35 Classroom iMacs, Printer",Oppo BluRay,190372,iMac,,Mac,Yes,No,35,No,No,,43,https://www.colby.edu/acits/wp-content/uploads/sites/178/2024/07/Davis_308_2024.jpg,"[vrview img=""https://www.colby.edu/acits/wp-content/uploads/sites/178/2024/07/Davis_308_2024.jpg""]",,,,,,,,
6752,Diamond 122,Diamond,122,Classroom,Classroom,Gov/Econ,60,"Projector, Acoustic Panels, Microphone (adjustable, wireless)",,5090-210787,PC,,Windows,Yes,Yes,,No,No,,1,https://www.colby.edu/acits/wp-content/uploads/sites/178/2024/07/Diamond_122_2024.jpg,"[vrview img=""https://www.colby.edu/acits/wp-content/uploads/sites/178/2024/07/Diamond_122_2024.jpg""]",,,,,,,,
6753,Diamond 123,Diamond,123,ALC,Classroom,Goldfarb,26,"Projector, 4 TVs",,210171,Mac Mini,,Mac,Yes,Yes,,No,No,,"REQUIRED, ROOM IN USE",,,,,,,,,,
6754,Diamond 141,Diamond,141,Classroom,Classroom,Gov/Econ,50,"Projector, Acoustic Panels ",,7050-180031,PC,,Windows,Yes,Yes,,No,No,,3,https://www.colby.edu/acits/wp-content/uploads/sites/178/2024/07/Diamond_141_2024.jpg,"[vrview img=""https://www.colby.edu/acits/wp-content/uploads/sites/178/2024/07/Diamond_141_2024.jpg""]",,,,,,,,
6812,Diamond 142 (Ostrove),Diamond,142 (Ostrove),Auditorium,Lecture Hall,Gov/Econ,182,"3 Projectors, Acoustic Panels, Microphone (adjustable, wireless)",Oppo BluRay,210920,Mac Mini,,Both,Yes,Yes,,Yes,No,,2,https://www.colby.edu/acits/wp-content/uploads/sites/178/2024/07/Diamond_142-Ostrove_2024.jpg,"[vrview img=""https://www.colby.edu/acits/wp-content/uploads/sites/178/2024/07/Diamond_142-Ostrove_2024.jpg""]",,,,,,,,
6755,Diamond 145,Diamond,145,Classroom,Classroom,Gov/Econ,40,"Projector, Acoustic Panels",,5090-210802,PC,,Windows,Yes,Yes,,No,No,,4,https://www.colby.edu/acits/wp-content/uploads/sites/178/2024/07/Diamond_145_2024.jpg,"[vrview img=""https://www.colby.edu/acits/wp-content/uploads/sites/178/2024/07/Diamond_145_2024.jpg""]",,,,,,,,
3,Diamond 146,Diamond,146,Conference,Seminar Classroom,,,Projector,,210898,Mac Mini,,Mac,Yes,No,,,,,6,https://www.colby.edu/acits/wp-content/uploads/sites/178/2024/07/Diamond_146_2024.jpg,"[vrview img=""https://www.colby.edu/acits/wp-content/uploads/sites/178/2024/07/Diamond_146_2024.jpg""]",,,,,,,,
6756,Diamond 153,Diamond,153,Classroom,Classroom,Gov/Econ,40,"Projector, Acoustic panels",,7050-180026,PC,,Windows,Yes,Yes,,No,No,,5,https://www.colby.edu/acits/wp-content/uploads/sites/178/2024/07/Diamond_153_2024.jpg,"[vrview img=""https://www.colby.edu/acits/wp-content/uploads/sites/178/2024/07/Diamond_153_2024.jpg""]",,,,,,,,
6757,Diamond 221,Diamond,221,Seminar,Seminar Classroom,Soc,20,Projector,,180298,iMac,,Mac,Yes,Yes,,No,No,,7,https://www.colby.edu/acits/wp-content/uploads/sites/178/2024/07/Diamond_221_2024.jpg,"[vrview img=""https://www.colby.edu/acits/wp-content/uploads/sites/178/2024/07/Diamond_221_2024.jpg""]",,,,,,,,
6758,Diamond 222,Diamond,222,Computer Lab,Computer Classroom,GIS,16,"Projector, B/W Printer, Color Printer, Scanner",Height adjustable standing desk,5720-180446,PC,,Windows,Yes,Yes,16,No,No,,8,https://www.colby.edu/acits/wp-content/uploads/sites/178/2024/07/Diamond_222_2024.jpg,"[vrview img=""https://www.colby.edu/acits/wp-content/uploads/sites/178/2024/07/Diamond_222_2024.jpg""]",,,,,,,,
6759,Diamond 223,Diamond,223,Seminar,Seminar Classroom,EnvS,20,Projector,,7050-180028,PC,,Windows,Yes,Yes,,No,No,,9,https://www.colby.edu/acits/wp-content/uploads/sites/178/2024/07/Diamond_223_2024.jpg,"[vrview img=""https://www.colby.edu/acits/wp-content/uploads/sites/178/2024/07/Diamond_223_2024.jpg""]",,,,,,,,
6760,Diamond 241,Diamond,241,Seminar,Seminar Classroom,Gov ,20,Projector,,210909,Mac Mini,,Mac,Yes,Yes,,No,No,,10,https://www.colby.edu/acits/wp-content/uploads/sites/178/2024/07/Diamond_241_2024.jpg,"[vrview img=""https://www.colby.edu/acits/wp-content/uploads/sites/178/2024/07/Diamond_241_2024.jpg""]",,,,,,,,
6761,Diamond 242,Diamond,242,Seminar,Seminar Classroom,SciTech,24,Projector,,210913,Mac Mini,,Mac,Yes,Yes,,No,No,,11,https://www.colby.edu/acits/wp-content/uploads/sites/178/2024/07/Diamond_242_2024.jpg,"[vrview img=""https://www.colby.edu/acits/wp-content/uploads/sites/178/2024/07/Diamond_242_2024.jpg""]",,,,,,,,
6762,Diamond 243,Diamond,243,Seminar,Seminar Classroom,AfAmer,24,Projector,,210916,Mac Mini,,Mac,Yes,Yes,,No,No,,12,https://www.colby.edu/acits/wp-content/uploads/sites/178/2024/07/Diamond_243_2024.jpg,"[vrview img=""https://www.colby.edu/acits/wp-content/uploads/sites/178/2024/07/Diamond_243_2024.jpg""]",,,,,,,,
6763,Diamond 322,Diamond,322,Computer Lab,Computer Classroom,Math/Econ,24,"Projector, Classroom Dells, Printer",Height adjustable standing desk,5250-180188,PC,,Windows,Yes,Yes,24,No,No,,13,https://www.colby.edu/acits/wp-content/uploads/sites/178/2024/07/Diamond_322_2024.jpg,"[vrview img=""https://www.colby.edu/acits/wp-content/uploads/sites/178/2024/07/Diamond_322_2024.jpg""]",,,,,,,,
6764,Diamond 323,Diamond,323,Seminar,Seminar Classroom,Anth,20,Projector,,210896,Mac Mini,,Mac,Yes,Yes,,No,No,,14,https://www.colby.edu/acits/wp-content/uploads/sites/178/2024/07/Diamond_323_2024.jpg,"[vrview img=""https://www.colby.edu/acits/wp-content/uploads/sites/178/2024/07/Diamond_323_2024.jpg""]",,,,,,,,
6765,Diamond 341,Diamond,341,Seminar,Seminar Classroom,Econ,20,Projector,,5090-210784,PC,,Windows,Yes,Yes,,No,No,,15,https://www.colby.edu/acits/wp-content/uploads/sites/178/2024/07/Diamond_341_2024.jpg,"[vrview img=""https://www.colby.edu/acits/wp-content/uploads/sites/178/2024/07/Diamond_341_2024.jpg""]",,,,,,,,
6766,Diamond 342,Diamond,342,grpwork,Seminar Classroom,(Classroom),24,Projector ,,7050-180020,PC,,Windows,Yes,Yes,,No,No,,16,https://www.colby.edu/acits/wp-content/uploads/sites/178/2024/07/Diamond_342_2024.jpg,"[vrview img=""https://www.colby.edu/acits/wp-content/uploads/sites/178/2024/07/Diamond_342_2024.jpg""]",,,,,,,,
6767,Diamond 343,Diamond,343,Seminar,Seminar Classroom,Gov,20,Projector,,7050-180023,PC,,Windows,Yes,Yes,,No,No,,17,https://www.colby.edu/acits/wp-content/uploads/sites/178/2024/07/Diamond_343_2024.jpg,"[vrview img=""https://www.colby.edu/acits/wp-content/uploads/sites/178/2024/07/Diamond_343_2024.jpg""]",,,,,,,,
6768,Diamond 344,Diamond,344,grpwork,Seminar Classroom,(Classroom),24,"Projector, Acoustic panels ",,210813,Mac Mini,,Mac,Yes,Yes,,Yes,No,,18,https://www.colby.edu/acits/wp-content/uploads/sites/178/2024/07/Diamond_344_2024.jpg,"[vrview img=""https://www.colby.edu/acits/wp-content/uploads/sites/178/2024/07/Diamond_344_2024.jpg""]",,,,,,,,
11002,Gordon 110 (Studio 1),Gordon,110,Studio,Studio,,,Projector,,,,,,,,,Yes,No,,,,,,,,,,,,
11003,Gordon 120 (Arts Incubator),Gordon,120,Computer Lab/Seminar,Computer Classroom,,,"Projector, various synthesizers, 2 3D printers, printer, postscript printer, TV, Rokit speakers, dual monitor lab computers ",,230184,Mac Mini,,Mac,No,Yes,16,Yes,No,,19,https://www.colby.edu/acits/wp-content/uploads/sites/178/2024/07/Gordon_120_2024.jpg,"[vrview img=""https://www.colby.edu/acits/wp-content/uploads/sites/178/2024/07/Gordon_120_2024.jpg""]",,,,,,,,
11004,Gordon 130 (Studio 2),Gordon,130,Studio,Studio,,,,,,,,,,,,Yes,No,,,,,,,,,,,,
11005,Gordon 140 (Performance Hall),Gordon,140,Auditorium,Lecture Hall,,,,,,,,,,,,Yes,No,,,,,,,,,,,,
11006,Gordon 180 (Green Room),Gordon,180,Classroom,Classroom,,,Projector,,,,,,No,Yes,,Yes,No,,20,https://www.colby.edu/acits/wp-content/uploads/sites/178/2024/07/Gordon_180_2024.jpg,"[vrview img=""https://www.colby.edu/acits/wp-content/uploads/sites/178/2024/07/Gordon_180_2024.jpg""]",,,,,,,,
11007,Gordon 190 (Scene Shop),Gordon,190,Lab/Seminar,Instructional Lab,,,,,,,,,,,,No,No,,,,,,,,,,,,
11008,Gordon 220 (Studio 3),Gordon,220,Studio,Studio,,,,,,,,,,,,Yes,No,,,,,,,,,,,,
11009,Gordon 270,Gordon,270,Seminar,Seminar Classroom,,,"Projector, acoustic panels",,,,,,No,Yes,,No,No,,21,https://www.colby.edu/acits/wp-content/uploads/sites/178/2024/07/Gordon_270_2024.jpg,"[vrview img=""https://www.colby.edu/acits/wp-content/uploads/sites/178/2024/07/Gordon_270_2024.jpg""]",,,,,,,,
11010,Gordon 280 (Rehearsal Room),Gordon,280,Studio,Studio,,,,,,,,,No,Yes,,Yes,No,,,,,,,,,,,,
11011,Gordon G10 (Film Screening),Gordon,G10,Auditorium,Lecture Hall,,,"Projector, film screen",,,,,,Yes,Yes,,No,No,,22,https://www.colby.edu/acits/wp-content/uploads/sites/178/2024/07/Gordon_G10_2024.jpg,"[vrview img=""https://www.colby.edu/acits/wp-content/uploads/sites/178/2024/07/Gordon_G10_2024.jpg""]",,,,,,,,
11012,Gordon G60,Gordon,G60,Seminar,Seminar Classroom,,,"Projector, acoustic pads",,,,,,No,Yes,,No,No,,23,https://www.colby.edu/acits/wp-content/uploads/sites/178/2024/07/Gordon_G60_2024.jpg,"[vrview img=""https://www.colby.edu/acits/wp-content/uploads/sites/178/2024/07/Gordon_G60_2024.jpg""]",,,,,,,,
6769,Keyes 102,Keyes,102,Classroom,Classroom,Math,30,Projector,,180650,Mac Mini,,Mac,Yes,No,,No,No,,29,https://www.colby.edu/acits/wp-content/uploads/sites/178/2024/07/Keyes_102_2024.jpg,"[vrview img=""https://www.colby.edu/acits/wp-content/uploads/sites/178/2024/07/Keyes_102_2024.jpg""]",,,,,,,,
6770,Keyes 103,Keyes,103,Classroom,Classroom,Chem,20,Projector,,210263,Mac Mini,,Mac,Yes,No,,No,No,,30,https://www.colby.edu/acits/wp-content/uploads/sites/178/2024/07/Keyes_103_2024.jpg,"[vrview img=""https://www.colby.edu/acits/wp-content/uploads/sites/178/2024/07/Keyes_103_2024.jpg""]",,,,,,,,
6771,Keyes 104,Keyes,104,Seminar,Seminar Classroom,Chem,10,"Projector, ",Rolling Cart,190127,iMac,,Mac,No,Yes,,No,No,,33,https://www.colby.edu/acits/wp-content/uploads/sites/178/2024/07/Keyes_104_2024.jpg,"[vrview img=""https://www.colby.edu/acits/wp-content/uploads/sites/178/2024/07/Keyes_104_2024.jpg""]",,,,,,,,
6813,Keyes 105,Keyes,105,Auditorium,Lecture Hall,Chem/Phys,199,"Projector, 2 Side TVs, ",Oppo BluRay,210846,Mac Mini,,Both,Yes,Yes,,Yes,No,,31,https://www.colby.edu/acits/wp-content/uploads/sites/178/2024/07/Keyes_105_2024.jpg,"[vrview img=""https://www.colby.edu/acits/wp-content/uploads/sites/178/2024/07/Keyes_105_2024.jpg""]",,,,,,,,
6830,Keyes 114,Keyes,114,Lab/Seminar,Instructional Lab,Astro,24,"Projector, Classroom iMacs, Printer",Dual monitor setups,230162,iMac,,Mac,Yes,Yes,8,No,No,,32,https://www.colby.edu/acits/wp-content/uploads/sites/178/2024/07/Keyes_114_2024.jpg,"[vrview img=""https://www.colby.edu/acits/wp-content/uploads/sites/178/2024/07/Keyes_114_2024.jpg""]",,,,,,,,
6831,Keyes 205,Keyes,205,Lab/Seminar,Instructional Lab,Chem,25,"No projector, mixed Dells and Macs",,,Mixed,,Mac,No,No,11,No,No,,24,https://www.colby.edu/acits/wp-content/uploads/sites/178/2024/07/Keyes_205_2024.jpg,"[vrview img=""https://www.colby.edu/acits/wp-content/uploads/sites/178/2024/07/Keyes_205_2024.jpg""]",,,,,,,,
6832,Keyes 303,Keyes,303,Lab/Seminar,Instructional Lab,Chem,12,"No projector, 8 Classroom iMacs, 2 Classroom Dells",,,,,,No,No,10,No,No,,27,https://www.colby.edu/acits/wp-content/uploads/sites/178/2024/07/Keyes_303_2024.jpg,"[vrview img=""https://www.colby.edu/acits/wp-content/uploads/sites/178/2024/07/Keyes_303_2024.jpg""]",,,,,,,,
6833,Keyes 305,Keyes,305,Lab/Seminar,Instructional Lab,Chem,25,No projector,,,,,,No,No,,No,No,,28,https://www.colby.edu/acits/wp-content/uploads/sites/178/2024/07/Keyes_305_2024.jpg,"[vrview img=""https://www.colby.edu/acits/wp-content/uploads/sites/178/2024/07/Keyes_305_2024.jpg""]",,,,,,,,
6834,Keyes 405,Keyes,405,Lab/Seminar,Instructional Lab,Chem,25,"No projector, Classroom iMacs,  1 Classroom Dell, Printer",,,iMac,,Mac,No,No,20,No,No,,25,https://www.colby.edu/acits/wp-content/uploads/sites/178/2024/07/Keyes_405_2024.jpg,"[vrview img=""https://www.colby.edu/acits/wp-content/uploads/sites/178/2024/07/Keyes_405_2024.jpg""]",,,,,,,,
6835,Keyes 408,Keyes,408,Lab/Seminar,Instructional Lab,,16,"No projector, 8 Classroom iMacs",,,iMac,,Mac,No,No,9,No,No,,26,https://www.colby.edu/acits/wp-content/uploads/sites/178/2024/07/Keyes_408_2024.jpg,"[vrview img=""https://www.colby.edu/acits/wp-content/uploads/sites/178/2024/07/Keyes_408_2024.jpg""]",,,,,,,,
4,,Lorimer,Chapel,,,,,,,,,,,,,,No,No,,,,,,,,,,,,
6814,Lovejoy 100 (Kassman Auditorium),Lovejoy,100 (Kassman),Auditorium,Lecture Hall,Multi,118,"Projector, Microphone (adjustable, wireless)",Oppo Blu-ray,220274,Mac Mini,,Both,Yes,No,,No,No,,49,https://www.colby.edu/acits/wp-content/uploads/sites/178/2024/07/Lovejoy_100-Kassman_2024.jpg,"[vrview img=""https://www.colby.edu/acits/wp-content/uploads/sites/178/2024/07/Lovejoy_100-Kassman_2024.jpg""]",,,,,,,,
6772,Lovejoy 102,Lovejoy,102,Active Learning,Active Learning Classroom,Languages,22,Projector,"Rolling cart, Projection Whiteboard",210334,iMac,,Mac,Yes,Yes,,No,No,,47,https://www.colby.edu/acits/wp-content/uploads/sites/178/2024/07/Lovejoy_102_2024.jpg,"[vrview img=""https://www.colby.edu/acits/wp-content/uploads/sites/178/2024/07/Lovejoy_102_2024.jpg""]",,,,,,,,
6773,Lovejoy 103,Lovejoy,103,Active Learning,Active Learning Classroom,Languages,29,Projector,"Rolling cart, Projection Whiteboard",210429,iMac,,Mac,Yes,Yes,,No,No,,48,https://www.colby.edu/acits/wp-content/uploads/sites/178/2024/07/Lovejoy_103_2024.jpg,"[vrview img=""https://www.colby.edu/acits/wp-content/uploads/sites/178/2024/07/Lovejoy_103_2024.jpg""]",,,,,,,,
6774,Lovejoy 119,Lovejoy,119,Active Learning,Active Learning Classroom,Languages,40,2 Projectors,Projection Whiteboard,210410,iMac,,Mac,Yes,Yes,,No,No,,46,https://www.colby.edu/acits/wp-content/uploads/sites/178/2024/07/Lovejoy_119_2024.jpg,"[vrview img=""https://www.colby.edu/acits/wp-content/uploads/sites/178/2024/07/Lovejoy_119_2024.jpg""]",,,,,,,,
6775,Lovejoy 202,Lovejoy,202,Classroom,Classroom,Languages,22,Projector,,025193,Mac Mini,,Mac,Yes,No,,No,No,,,,,,,,,,,,
6776,Lovejoy 203,Lovejoy,203,Classroom,Classroom,Languages,29,Projector,,200317,Mac Mini,,Mac,Yes,No,,No,No,,60,https://www.colby.edu/acits/wp-content/uploads/sites/178/2024/07/Lovejoy_203_2024.jpg,"[vrview img=""https://www.colby.edu/acits/wp-content/uploads/sites/178/2024/07/Lovejoy_203_2024.jpg""]",,,,,,,,
6777,Lovejoy 205,Lovejoy,205,Classroom,Classroom,Languages,39,Projector,,210269,Mac Mini,,Mac,Yes,No,,No,No,,61,https://www.colby.edu/acits/wp-content/uploads/sites/178/2024/07/Lovejoy_205_2024.jpg,"[vrview img=""https://www.colby.edu/acits/wp-content/uploads/sites/178/2024/07/Lovejoy_205_2024.jpg""]",,,,,,,,
6778,Lovejoy 207,Lovejoy,207,Classroom,Classroom,Languages,24,Projector ,,210930,Mac Mini,,Mac,Yes,No,,No,No,,62,https://www.colby.edu/acits/wp-content/uploads/sites/178/2024/07/Lovejoy_207_2024.jpg,"[vrview img=""https://www.colby.edu/acits/wp-content/uploads/sites/178/2024/07/Lovejoy_207_2024.jpg""]",,,,,,,,
6779,Lovejoy 208,Lovejoy,208,Classroom,Classroom,Languages,37,Projector,,210811,Mac Mini,,Mac,Yes,No,,No,No,,63,https://www.colby.edu/acits/wp-content/uploads/sites/178/2024/07/Lovejoy_208_2024.jpg,"[vrview img=""https://www.colby.edu/acits/wp-content/uploads/sites/178/2024/07/Lovejoy_208_2024.jpg""]",,,,,,,,
6780,Lovejoy 211,Lovejoy,211,Classroom,Classroom,Languages,22,Projector,,024127,Mac Mini,,Mac,Yes,No,,No,No,,,,,,,,,,,,
6781,Lovejoy 212,Lovejoy,212,Classroom,Classroom,Languages,29,,,,,,,,,,No,No,,,,,,,,,,,,
6782,Lovejoy 213,Lovejoy,213,Classroom,Classroom,Languages,39,Projector ,,210929,Mac Mini,,Mac,Yes,No,,No,No,,"REQUIRED, ROOM BEING REORGANIZED ",,,,,,,,,,
6783,Lovejoy 215,Lovejoy,215,Classroom,Classroom,All,48,"Projector, Doc Cam (Samsung)",Rolling cart,190136,iMac,,Mac,Yes,No,,No,No,,,,,,,,,,,,
6784,Lovejoy 244,Lovejoy,244,Seminar,Seminar Classroom,Classics,14,"TV, wireless keyboard and magic mouse",,190547,Mac Mini,,Mac,Yes,No,,No,No,,64,https://www.colby.edu/acits/wp-content/uploads/sites/178/2024/07/Lovejoy_244_2024.jpg,"[vrview img=""https://www.colby.edu/acits/wp-content/uploads/sites/178/2024/07/Lovejoy_244_2024.jpg""]",,,,,,,,
6785,Lovejoy 246,Lovejoy,246,Seminar,Seminar Classroom,Philosophy,16,TV,,210908,Mac Mini,,Mac,Yes,No,,No,No,,65,https://www.colby.edu/acits/wp-content/uploads/sites/178/2024/07/Lovejoy_246_2024.jpg,"[vrview img=""https://www.colby.edu/acits/wp-content/uploads/sites/178/2024/07/Lovejoy_246_2024.jpg""]",,,,,,,,
6786,Lovejoy 301,Lovejoy,301,Seminar,Seminar Classroom,Spanish,20,"Projector, Doc Cam (Samsung)",,210250,Mac Mini,,Mac,Yes,No,,No,No,,50,https://www.colby.edu/acits/wp-content/uploads/sites/178/2024/07/Lovejoy_301_2024.jpg,"[vrview img=""https://www.colby.edu/acits/wp-content/uploads/sites/178/2024/07/Lovejoy_301_2024.jpg""]",,,,,,,,
6787,Lovejoy 302,Lovejoy,302,Classroom,Classroom,Languages,22,"Projector, Doc Cam (Samsung)",,18139,Mac Mini,,Mac,Yes,No,,No,No,,51,https://www.colby.edu/acits/wp-content/uploads/sites/178/2024/07/Lovejoy_302_2024.jpg,"[vrview img=""https://www.colby.edu/acits/wp-content/uploads/sites/178/2024/07/Lovejoy_302_2024.jpg""]",,,,,,,,
6788,Lovejoy 303,Lovejoy,303,Classroom,Classroom,Languages,29,Projector,,180136,Mac Mini,,Mac,Yes,No,,No,No,,56,https://www.colby.edu/acits/wp-content/uploads/sites/178/2024/07/Lovejoy_303_2024.jpg,"[vrview img=""https://www.colby.edu/acits/wp-content/uploads/sites/178/2024/07/Lovejoy_303_2024.jpg""]",,,,,,,,
6789,Lovejoy 307,Lovejoy,307,Seminar,Seminar Classroom,French/Italian,20,"Projector, doc cam",,200004,Mac Mini,,Mac,Yes,No,,No,No,,59,https://www.colby.edu/acits/wp-content/uploads/sites/178/2024/07/Lovejoy_307_2024.jpg,"[vrview img=""https://www.colby.edu/acits/wp-content/uploads/sites/178/2024/07/Lovejoy_307_2024.jpg""]",,,,,,,,
6790,Lovejoy 318,Lovejoy,318,Seminar,Classroom,LatinAm,18,TV,,180140,Mac Mini,,Mac,Yes,No,,No,No,,58,https://www.colby.edu/acits/wp-content/uploads/sites/178/2024/07/Lovejoy_318_2024.jpg,"[vrview img=""https://www.colby.edu/acits/wp-content/uploads/sites/178/2024/07/Lovejoy_318_2024.jpg""]",,,,,,,,
6791,Lovejoy 319,Lovejoy,319,Classroom,Seminar Classroom,Languages,24,Projector,,180137,Mac Mini,,Mac,Yes,No,,No,No,,57,https://www.colby.edu/acits/wp-content/uploads/sites/178/2024/07/Lovejoy_319_2024.jpg,"[vrview img=""https://www.colby.edu/acits/wp-content/uploads/sites/178/2024/07/Lovejoy_319_2024.jpg""]",,,,,,,,
6792,Lovejoy 344,Lovejoy,344,Seminar,Seminar Classroom,Religious,14,Projector,Projection Whiteboard,220279,Mac Mini,,Mac,Yes,No,,No,No,,52,https://www.colby.edu/acits/wp-content/uploads/sites/178/2024/07/Lovejoy_344_2024.jpg,"[vrview img=""https://www.colby.edu/acits/wp-content/uploads/sites/178/2024/07/Lovejoy_344_2024.jpg""]",,,,,,,,
6793,Lovejoy 400,Lovejoy,400,Computer Lab,Computer Lab,All,30,"Projector, 26 Classroom iMacs, 2 Printers",,210178,Mac Mini,,Mac,No,No,26,No,No,,54,https://www.colby.edu/acits/wp-content/uploads/sites/178/2024/07/Lovejoy_400_2024.jpg,"[vrview img=""https://www.colby.edu/acits/wp-content/uploads/sites/178/2024/07/Lovejoy_400_2024.jpg""]",,,,,,,,
6796,Lovejoy 404,Lovejoy,404,Computer Lab,Computer Lab,Languages,,"Projector, 16 Classroom macs, Printer",,210819,Mac Mini,,Mac,Yes,No,18,No,No,,53,https://www.colby.edu/acits/wp-content/uploads/sites/178/2024/07/Lovejoy_404_2024.jpg,"[vrview img=""https://www.colby.edu/acits/wp-content/uploads/sites/178/2024/07/Lovejoy_404_2024.jpg""]",,,,,,,,
6794,Lovejoy 423,Lovejoy,423,Seminar,Seminar Classroom,EastAs,10,Projector,,210260,Mac Mini,,Mac,Yes,No,,No,No,,55,https://www.colby.edu/acits/wp-content/uploads/sites/178/2024/07/Lovejoy_423_2024.jpg,"[vrview img=""https://www.colby.edu/acits/wp-content/uploads/sites/178/2024/07/Lovejoy_423_2024.jpg""]",,,,,,,,
6795,Lovejoy 450,Lovejoy,450,Seminar,Seminar Classroom,Germ/Russ,10,Projector,,180141,Mac Mini,,Mac,Yes,No,,No,No,,,,,,,,,,,,
6797,Miller 008,Miller,8,Active Learning,Active Learning Classroom,Multi,,"Projector, 5 TVs, Doc Cam (Samsung)",,230250,iMac,,Mac,Yes,Yes,,Yes,No,,"REQUIRED, ROOM IN USE",,,,,,,,,,
6798,Miller 014,Miller,14,Classroom,Classroom,Multi,48,Projector,,200164,iMac,,Mac,Yes,Yes,,No,No,,81,https://www.colby.edu/acits/wp-content/uploads/sites/178/2024/07/Miller_14_2024.jpg,"[vrview img=""https://www.colby.edu/acits/wp-content/uploads/sites/178/2024/07/Miller_14_2024.jpg""]",,,,,,,,
6799,Miller 034,Miller,34,Seminar,Seminar Classroom,Educ,16,Projector,,230236,iMac,,Mac,Yes,No,,No,No,,82,https://www.colby.edu/acits/wp-content/uploads/sites/178/2024/07/Miller_34_2024.jpg,"[vrview img=""https://www.colby.edu/acits/wp-content/uploads/sites/178/2024/07/Miller_34_2024.jpg""]",,,,,,,,
5,Miller 104 (Davis Classroom),Miller,104,,Computer Classroom,,,"Projector, printer",,210714,Mac Mini,,Mac,Yes,Yes,25,No,No,,83,https://www.colby.edu/acits/wp-content/uploads/sites/178/2024/07/Miller_104_2024.jpg,"[vrview img=""https://www.colby.edu/acits/wp-content/uploads/sites/178/2024/07/Miller_104_2024.jpg""]",,,,,,,,
10581,Miller 205,Miller,205,,Active Learning Classroom,,,Projector ,Projection whiteboard ,,Mac Mini,,Mac,No,Yes,,Yes,Yes,,89,https://www.colby.edu/acits/wp-content/uploads/sites/178/2024/07/Miller_205_2024.jpg,"[vrview img=""https://www.colby.edu/acits/wp-content/uploads/sites/178/2024/07/Miller_205_2024.jpg""]",,,,,,,,
6800,Miller 220,Miller,220,Seminar,Seminar Classroom,English,16,Projector,Projection Whiteboard,220264,Mac Mini,,Mac,Yes,No,,No,No,,85,https://www.colby.edu/acits/wp-content/uploads/sites/178/2024/07/Miller_220_2024.jpg,"[vrview img=""https://www.colby.edu/acits/wp-content/uploads/sites/178/2024/07/Miller_220_2024.jpg""]",,,,,,,,
6801,Miller 241,Miller,241,Seminar,Seminar Classroom,WGS/Cinema,15,Projector,Oppo Blueray,210917,Mac Mini,,Mac,Yes,Yes,,No,No,,86,https://www.colby.edu/acits/wp-content/uploads/sites/178/2024/07/Miller_241_2024.jpg,"[vrview img=""https://www.colby.edu/acits/wp-content/uploads/sites/178/2024/07/Miller_241_2024.jpg""]",,,,,,,,
6802,Miller 253,Miller,253,Seminar,Seminar Classroom,American/Cinema,15,"Projector, Surround System",Oppo bluray,210810,Mac Mini,,Mac,Yes,Yes,,No,No,,87,https://www.colby.edu/acits/wp-content/uploads/sites/178/2024/07/Miller_253_2024.jpg,"[vrview img=""https://www.colby.edu/acits/wp-content/uploads/sites/178/2024/07/Miller_253_2024.jpg""]",,,,,,,,
6803,Miller 257,Miller,257,Seminar,Seminar Classroom,History ,16,Projector,Projection Whiteboard,210165,Mac Mini,,Mac,Yes,Yes,,No,No,,88,https://www.colby.edu/acits/wp-content/uploads/sites/178/2024/07/Miller_257_2024.jpg,"[vrview img=""https://www.colby.edu/acits/wp-content/uploads/sites/178/2024/07/Miller_257_2024.jpg""]",,,,,,,,
6804,Miller 319,Miller,319,Seminar,Seminar Classroom,Multi,20,Projector,,210928,Mac Mini,,Mac,Yes,Yes,,No,No,,84,https://www.colby.edu/acits/wp-content/uploads/sites/178/2024/07/Miller_319_2024.jpg,"[vrview img=""https://www.colby.edu/acits/wp-content/uploads/sites/178/2024/07/Miller_319_2024.jpg""]",,,,,,,,
6836,Mudd 102,Mudd,102,Lab/Seminar,Instructional Lab,Geo,12,Projector,,,,,,No,No,,No,No,,,,,,,,,,,,
6837,Mudd 103,Mudd,103,Lab/Seminar,Instructional Lab,Geo,12,"Suspended Outlets , projector",,230240,iMac,,Mac,No,Yes,,No,No,,80,https://www.colby.edu/acits/wp-content/uploads/sites/178/2024/07/Mudd_103_2024.jpg,"[vrview img=""https://www.colby.edu/acits/wp-content/uploads/sites/178/2024/07/Mudd_103_2024.jpg""]",,,,,,,,
6,Mudd 218,Mudd,218,,Instructional Lab,,,"Projector, Doc Cam, printer",,7490-220349,PC,,Windows,Yes,No,,No,No,,74,https://www.colby.edu/acits/wp-content/uploads/sites/178/2024/07/Mudd_218_2024.jpg,"[vrview img=""https://www.colby.edu/acits/wp-content/uploads/sites/178/2024/07/Mudd_218_2024.jpg""]",,,,,,,,
7,Mudd 219,Mudd ,219,,Instructional Lab,,,Projector,,,,,,Yes,No,,No,No,,75,https://www.colby.edu/acits/wp-content/uploads/sites/178/2024/07/Mudd-_219_2024.jpg,"[vrview img=""https://www.colby.edu/acits/wp-content/uploads/sites/178/2024/07/Mudd-_219_2024.jpg""]",,,,,,,,
6838,Mudd 221,Mudd,221,Lab/Seminar,Instructional Lab,Geo,12,"Projector, TV, Suspended Outlets","Project microscope view, Projection Whiteboard",023096,PC,,Windows,No,Yes,,No,No,,76,https://www.colby.edu/acits/wp-content/uploads/sites/178/2024/07/Mudd_221_2024.jpg,"[vrview img=""https://www.colby.edu/acits/wp-content/uploads/sites/178/2024/07/Mudd_221_2024.jpg""]",,,,,,,,
6805,Mudd 311,Mudd,311,Classroom,Classroom,Physics/Astro,26,2 Projectors,"Eno projector, Projection Whiteboard",210783,PC,,Windows,Yes,No,,No,No,,78,https://www.colby.edu/acits/wp-content/uploads/sites/178/2024/07/Mudd_311_2024.jpg,"[vrview img=""https://www.colby.edu/acits/wp-content/uploads/sites/178/2024/07/Mudd_311_2024.jpg""]",,,,,,,,
6839,Mudd 322,Mudd,322,Lab/Seminar,Instructional Lab,Geo,24,,,,,,,,,,No,No,,,,,,,,,,,,
6840,Mudd 323,Mudd,323,Lab/Seminar,Classroom,Geo,8,"Projector, 3 Classroom Computers(2 Dell, 1 iMac)",,,PC,,Windows,No,No,3,No,No,,79,https://www.colby.edu/acits/wp-content/uploads/sites/178/2024/07/Mudd_323_2024.jpg,"[vrview img=""https://www.colby.edu/acits/wp-content/uploads/sites/178/2024/07/Mudd_323_2024.jpg""]",,,,,,,,
6841,Mudd 405,Mudd,405,Classroom,Classroom,Physics,36,Projector,Rolling Cart,190099,iMac,,Mac,Yes,No,,No,No,,77,https://www.colby.edu/acits/wp-content/uploads/sites/178/2024/07/Mudd_405_2024.jpg,"[vrview img=""https://www.colby.edu/acits/wp-content/uploads/sites/178/2024/07/Mudd_405_2024.jpg""]",,,,,,,,
6815,Olin 001,Olin,1,Auditorium,Lecture Hall,Sciences,101,"reinforced audio, microphones, Kaltura recording, accoustic panels, projector",Oppo BluRay,200318,Mac Mini,,Both,Yes,Yes,,Yes,No,,105,https://www.colby.edu/acits/wp-content/uploads/sites/178/2024/07/Olin_1_2024.jpg,"[vrview img=""https://www.colby.edu/acits/wp-content/uploads/sites/178/2024/07/Olin_1_2024.jpg""]",,,,,,,,
8,,Olin,17?,,,,,,,,,,,,,,No,No,,,,,,,,,,,,
10380,Olin 019A (Schupf Lab),Olin,019A,Computer Lab,Computer Classroom,All,24,Video wall,,180005,iMac Pro,,Mac,No,No,24,No,No,,104,https://www.colby.edu/acits/wp-content/uploads/sites/178/2024/07/Olin_019A_2024.jpg,"[vrview img=""https://www.colby.edu/acits/wp-content/uploads/sites/178/2024/07/Olin_019A_2024.jpg""]",,,,,,,,
8725,Olin 019B,Olin,019B,Active Learning,Active Learning Classroom,All,40,"No computer, 3 projectors",Projection whiteboards,no computer,,,,No,Yes,,No,No,,103,https://www.colby.edu/acits/wp-content/uploads/sites/178/2024/07/Olin_019B_2024.jpg,"[vrview img=""https://www.colby.edu/acits/wp-content/uploads/sites/178/2024/07/Olin_019B_2024.jpg""]",,,,,,,,
6842,Olin 213,Olin,213,Lab/Seminar,Instructional Lab,Bio,18,"Projector, Printer ",13 Clasroom iMacs ,210844,Mac Mini,,Mac,No,Yes,13,No,No,,102,https://www.colby.edu/acits/wp-content/uploads/sites/178/2024/07/Olin_213_2024.jpg,"[vrview img=""https://www.colby.edu/acits/wp-content/uploads/sites/178/2024/07/Olin_213_2024.jpg""]",,,,,,,,
6843,Olin 223,Olin,223,Lab/Seminar,Instructional Lab,Bio,18,"No instructor computer, Projector, Printer ","13 Clasroom iMac computers, 6 Clasrrom Dells",no computer ,,,,No,Yes,,No,No,,,,,,,,,,,,
6844,Olin 229,Olin,229,Lab/Seminar,Instructional Lab,Bio,16,"No instructor computer, Projector, 2 Printers(color & b/w), Epson 3170 photo","13 Classroom iMac, 3 Classroom Dells ",no computer,,,,No,Yes,,No,No,,,,,,,,,,,,
6807,Olin 234,Olin,234,Lab/Seminar,Instructional Lab, , ,Suspended Outlets,,,,,,,,,No,No,,,,,,,,,,,,
6845,Olin 314,Olin,314,Lab/Seminar,Instructional Lab,Bio,16,"No instructor computer, Projector, Printer",12 Clasroom iMac ,no computer ,,,,No,Yes,12,No,No,,101,https://www.colby.edu/acits/wp-content/uploads/sites/178/2024/07/Olin_314_2024.jpg,"[vrview img=""https://www.colby.edu/acits/wp-content/uploads/sites/178/2024/07/Olin_314_2024.jpg""]",,,,,,,,
6846,Olin 332,Olin,332,Lab/Seminar,Instructional Lab,Bio,24,"No instructor computer, Projector, Printer, Suspended Outlets",8 Classroom Dells,no computer ,,,,No,No,8,No,No,,100,https://www.colby.edu/acits/wp-content/uploads/sites/178/2024/07/Olin_332_2024.jpg,"[vrview img=""https://www.colby.edu/acits/wp-content/uploads/sites/178/2024/07/Olin_332_2024.jpg""]",,,,,,,,
6808,Olin 335,Olin,335,Seminar,Seminar Classroom,Bio,14,"TV, Projector ",,200365,iMac,,Mac,No,Yes,,Yes,Yes,,99,https://www.colby.edu/acits/wp-content/uploads/sites/178/2024/07/Olin_335_2024.jpg,"[vrview img=""https://www.colby.edu/acits/wp-content/uploads/sites/178/2024/07/Olin_335_2024.jpg""]",,,,,,,,
6847,Runnals 110,Runnals,110,Seminar,Seminar Classroom,Theatre/Dance,18,TV,DVD & VHS Player,,,,,Yes,No,,No,No,,,,,,,,,,,,
6848,Runnals 201,Runnals,201,Studio,Classroom,Dance,20,2 projector whiteboards ,,210850,Mac Mini,,Mac,Yes,Yes,,No,No,,"Required, room being rearranged ",,,,,,,,,,
6809,Runnals 203,Runnals,203,Classroom,Classroom,TheatreDance/Art,24,"Projector, Printer",,200010,Mac Mini,,Mac,Yes,No,,No,No,,,,,,,,,,,,
6849,Runnals 206,Runnals,206,,Active Learning Classroom,,,4 TVs,,210821,Mac Mini,,Mac,Yes,Yes,,No,No,,106,https://www.colby.edu/acits/wp-content/uploads/sites/178/2024/07/Runnals_206_2024.jpg,"[vrview img=""https://www.colby.edu/acits/wp-content/uploads/sites/178/2024/07/Runnals_206_2024.jpg""]",,,,,,,,
6850,Runnals Theater,Runnals,Theater,Theater,,Theatre/dance,250,,,no computer,,,,,,,No,No,,,,,,,,,,,,
6866,,,,,,,,,,,,,,,,,,,,,,,,,,,,,,
6861,,,,,,,,,,,,,,,,,,,,,,,,,,,,,,
6860,,,,,,,,,,,,,,,,,,,,,,,,,,,,,,
,,,,,,,,,,,,,,,,,,,,,,,,,,,,,,
,,,,,,,,,,,,,,,,,,,,,,,,,,,,,,
,,,,,,,,,,,,,,,,,,,,,,,,,,,,,,
,,,,,,,,,,,,,,,,,,,,,,,,,,,,,,
,,,,,,,,,,,,,,,,,,,,,,,,,,,,,,
,,,,,,,,,,,,,,,,,,,,,,,,,,,,,,
,,,,,,,,,,,,,,,,,,,,,,,,,,,,,,
,,,,,,,,,,,,,,,,,,,,,,,,,,,,,,
,,,,,,,,,,,,,,,,,,,,,,,,,,,,,,
,,,,,,,,,,,,,,,,,,,,,,,,,,,,,,
,,,,,,,,,,,,,,,,,,,,,,,,,,,,,,
,,,,,,,,,,,,,,,,,,,,,,,,,,,,,,
,,,,,,,,,,,,,,,,,,,,,,,,,,,,,,
,,,,,,,,,,,,,,,,,,,,,,,,,,,,,,
,,,,,,,,,,,,,,,,,,,,,,,,,,,,,,
,,,,,,,,,,,,,,,,,,,,,,,,,,,,,,
,,,,,,,,,,,,,,,,,,,,,,,,,,,,,,
,,,,,,,,,,,,,,,,,,,,,,,,,,,,,,
,,,,,,,,,,,,,,,,,,,,,,,,,,,,,,
,,,,,,,,,,,,,,,,,,,,,,,,,,,,,,
,,,,,,,,,,,,,,,,,,,,,,,,,,,,,,
,,,,,,,,,,,,,,,,,,,,,,,,,,,,,,
,,,,,,,,,,,,,,,,,,,,,,,,,,,,,,
,,,,,,,,,,,,,,,,,,,,,,,,,,,,,,
,,,,,,,,,,,,,,,,,,,,,,,,,,,,,,
,,,,,,,,,,,,,,,,,,,,,,,,,,,,,,
,,,,,,,,,,,,,,,,,,,,,,,,,,,,,,
,,,,,,,,,,,,,,,,,,,,,,,,,,,,,,
,,,,,,,,,,,,,,,,,,,,,,,,,,,,,,
,,,,,,,,,,,,,,,,,,,,,,,,,,,,,,
,,,,,,,,,,,,,,,,,,,,,,,,,,,,,,
,,,,,,,,,,,,,,,,,,,,,,,,,,,,,,
,,,,,,,,,,,,,,,,,,,,,,,,,,,,,,
,,,,,,,,,,,,,,,,,,,,,,,,,,,,,,
,,,,,,,,,,,,,,,,,,,,,,,,,,,,,,
,,,,,,,,,,,,,,,,,,,,,,,,,,,,,,
,,,,,,,,,,,,,,,,,,,,,,,,,,,,,,
,,,,,,,,,,,,,,,,,,,,,,,,,,,,,,
,,,,,,,,,,,,,,,,,,,,,,,,,,,,,,
,,,,,,,,,,,,,,,,,,,,,,,,,,,,,,
,,,,,,,,,,,,,,,,,,,,,,,,,,,,,,
,,,,,,,,,,,,,,,,,,,,,,,,,,,,,,
,,,,,,,,,,,,,,,,,,,,,,,,,,,,,,
,,,,,,,,,,,,,,,,,,,,,,,,,,,,,,
,,,,,,,,,,,,,,,,,,,,,,,,,,,,,,
,,,,,,,,,,,,,,,,,,,,,,,,,,,,,,
,,,,,,,,,,,,,,,,,,,,,,,,,,,,,,
,,,,,,,,,,,,,,,,,,,,,,,,,,,,,,
,,,,,,,,,,,,,,,,,,,,,,,,,,,,,,
,,,,,,,,,,,,,,,,,,,,,,,,,,,,,,
,,,,,,,,,,,,,,,,,,,,,,,,,,,,,,
,,,,,,,,,,,,,,,,,,,,,,,,,,,,,,
,,,,,,,,,,,,,,,,,,,,,,,,,,,,,,
,,,,,,,,,,,,,,,,,,,,,,,,,,,,,,
,,,,,,,,,,,,,,,,,,,,,,,,,,,,,,
,,,,,,,,,,,,,,,,,,,,,,,,,,,,,,
,,,,,,,,,,,,,,,,,,,,,,,,,,,,,,
,,,,,,,,,,,,,,,,,,,,,,,,,,,,,,
,,,,,,,,,,,,,,,,,,,,,,,,,,,,,,
,,,,,,,,,,,,,,,,,,,,,,,,,,,,,,
,,,,,,,,,,,,,,,,,,,,,,,,,,,,,,
,,,,,,,,,,,,,,,,,,,,,,,,,,,,,,
,,,,,,,,,,,,,,,,,,,,,,,,,,,,,,
,,,,,,,,,,,,,,,,,,,,,,,,,,,,,,
,,,,,,,,,,,,,,,,,,,,,,,,,,,,,,
,,,,,,,,,,,,,,,,,,,,,,,,,,,,,,
,,,,,,,,,,,,,,,,,,,,,,,,,,,,,,
,,,,,,,,,,,,,,,,,,,,,,,,,,,,,,
,,,,,,,,,,,,,,,,,,,,,,,,,,,,,,
,,,,,,,,,,,,,,,,,,,,,,,,,,,,,,
,,,,,,,,,,,,,,,,,,,,,,,,,,,,,,
,,,,,,,,,,,,,,,,,,,,,,,,,,,,,,
,,,,,,,,,,,,,,,,,,,,,,,,,,,,,,
,,,,,,,,,,,,,,,,,,,,,,,,,,,,,,
,,,,,,,,,,,,,,,,,,,,,,,,,,,,,,
,,,,,,,,,,,,,,,,,,,,,,,,,,,,,,
,,,,,,,,,,,,,,,,,,,,,,,,,,,,,,
,,,,,,,,,,,,,,,,,,,,,,,,,,,,,,
,,,,,,,,,,,,,,,,,,,,,,,,,,,,,,
,,,,,,,,,,,,,,,,,,,,,,,,,,,,,,
,,,,,,,,,,,,,,,,,,,,,,,,,,,,,,
,,,,,,,,,,,,,,,,,,,,,,,,,,,,,,
,,,,,,,,,,,,,,,,,,,,,,,,,,,,,,
,,,,,,,,,,,,,,,,,,,,,,,,,,,,,,
,,,,,,,,,,,,,,,,,,,,,,,,,,,,,,
,,,,,,,,,,,,,,,,,,,,,,,,,,,,,,
,,,,,,,,,,,,,,,,,,,,,,,,,,,,,,
,,,,,,,,,,,,,,,,,,,,,,,,,,,,,,
,,,,,,,,,,,,,,,,,,,,,,,,,,,,,,
,,,,,,,,,,,,,,,,,,,,,,,,,,,,,,
,,,,,,,,,,,,,,,,,,,,,,,,,,,,,,
,,,,,,,,,,,,,,,,,,,,,,,,,,,,,,
,,,,,,,,,,,,,,,,,,,,,,,,,,,,,,
,,,,,,,,,,,,,,,,,,,,,,,,,,,,,,
,,,,,,,,,,,,,,,,,,,,,,,,,,,,,,
,,,,,,,,,,,,,,,,,,,,,,,,,,,,,,
,,,,,,,,,,,,,,,,,,,,,,,,,,,,,,
,,,,,,,,,,,,,,,,,,,,,,,,,,,,,,
,,,,,,,,,,,,,,,,,,,,,,,,,,,,,,
,,,,,,,,,,,,,,,,,,,,,,,,,,,,,,
,,,,,,,,,,,,,,,,,,,,,,,,,,,,,,
,,,,,,,,,,,,,,,,,,,,,,,,,,,,,,
,,,,,,,,,,,,,,,,,,,,,,,,,,,,,,
,,,,,,,,,,,,,,,,,,,,,,,,,,,,,,
,,,,,,,,,,,,,,,,,,,,,,,,,,,,,,
,,,,,,,,,,,,,,,,,,,,,,,,,,,,,,
,,,,,,,,,,,,,,,,,,,,,,,,,,,,,,
,,,,,,,,,,,,,,,,,,,,,,,,,,,,,,
,,,,,,,,,,,,,,,,,,,,,,,,,,,,,,
,,,,,,,,,,,,,,,,,,,,,,,,,,,,,,
,,,,,,,,,,,,,,,,,,,,,,,,,,,,,,
,,,,,,,,,,,,,,,,,,,,,,,,,,,,,,
,,,,,,,,,,,,,,,,,,,,,,,,,,,,,,
,,,,,,,,,,,,,,,,,,,,,,,,,,,,,,
,,,,,,,,,,,,,,,,,,,,,,,,,,,,,,
,,,,,,,,,,,,,,,,,,,,,,,,,,,,,,
,,,,,,,,,,,,,,,,,,,,,,,,,,,,,,
,,,,,,,,,,,,,,,,,,,,,,,,,,,,,,
,,,,,,,,,,,,,,,,,,,,,,,,,,,,,,
,,,,,,,,,,,,,,,,,,,,,,,,,,,,,,
,,,,,,,,,,,,,,,,,,,,,,,,,,,,,,
,,,,,,,,,,,,,,,,,,,,,,,,,,,,,,
,,,,,,,,,,,,,,,,,,,,,,,,,,,,,,
,,,,,,,,,,,,,,,,,,,,,,,,,,,,,,
,,,,,,,,,,,,,,,,,,,,,,,,,,,,,,
,,,,,,,,,,,,,,,,,,,,,,,,,,,,,,
,,,,,,,,,,,,,,,,,,,,,,,,,,,,,,
,,,,,,,,,,,,,,,,,,,,,,,,,,,,,,
,,,,,,,,,,,,,,,,,,,,,,,,,,,,,,
,,,,,,,,,,,,,,,,,,,,,,,,,,,,,,
,,,,,,,,,,,,,,,,,,,,,,,,,,,,,,
,,,,,,,,,,,,,,,,,,,,,,,,,,,,,,
,,,,,,,,,,,,,,,,,,,,,,,,,,,,,,
,,,,,,,,,,,,,,,,,,,,,,,,,,,,,,
,,,,,,,,,,,,,,,,,,,,,,,,,,,,,,
,,,,,,,,,,,,,,,,,,,,,,,,,,,,,,
,,,,,,,,,,,,,,,,,,,,,,,,,,,,,,
,,,,,,,,,,,,,,,,,,,,,,,,,,,,,,
,,,,,,,,,,,,,,,,,,,,,,,,,,,,,,
,,,,,,,,,,,,,,,,,,,,,,,,,,,,,,
,,,,,,,,,,,,,,,,,,,,,,,,,,,,,,
,,,,,,,,,,,,,,,,,,,,,,,,,,,,,,
,,,,,,,,,,,,,,,,,,,,,,,,,,,,,,
,,,,,,,,,,,,,,,,,,,,,,,,,,,,,,
,,,,,,,,,,,,,,,,,,,,,,,,,,,,,,
,,,,,,,,,,,,,,,,,,,,,,,,,,,,,,
,,,,,,,,,,,,,,,,,,,,,,,,,,,,,,
,,,,,,,,,,,,,,,,,,,,,,,,,,,,,,
,,,,,,,,,,,,,,,,,,,,,,,,,,,,,,
,,,,,,,,,,,,,,,,,,,,,,,,,,,,,,
,,,,,,,,,,,,,,,,,,,,,,,,,,,,,,
,,,,,,,,,,,,,,,,,,,,,,,,,,,,,,
,,,,,,,,,,,,,,,,,,,,,,,,,,,,,,
,,,,,,,,,,,,,,,,,,,,,,,,,,,,,,
,,,,,,,,,,,,,,,,,,,,,,,,,,,,,,
,,,,,,,,,,,,,,,,,,,,,,,,,,,,,,
,,,,,,,,,,,,,,,,,,,,,,,,,,,,,,
,,,,,,,,,,,,,,,,,,,,,,,,,,,,,,
,,,,,,,,,,,,,,,,,,,,,,,,,,,,,,
,,,,,,,,,,,,,,,,,,,,,,,,,,,,,,
,,,,,,,,,,,,,,,,,,,,,,,,,,,,,,
,,,,,,,,,,,,,,,,,,,,,,,,,,,,,,
,,,,,,,,,,,,,,,,,,,,,,,,,,,,,,
,,,,,,,,,,,,,,,,,,,,,,,,,,,,,,
,,,,,,,,,,,,,,,,,,,,,,,,,,,,,,
,,,,,,,,,,,,,,,,,,,,,,,,,,,,,,
,,,,,,,,,,,,,,,,,,,,,,,,,,,,,,
,,,,,,,,,,,,,,,,,,,,,,,,,,,,,,
,,,,,,,,,,,,,,,,,,,,,,,,,,,,,,
,,,,,,,,,,,,,,,,,,,,,,,,,,,,,,
,,,,,,,,,,,,,,,,,,,,,,,,,,,,,,
,,,,,,,,,,,,,,,,,,,,,,,,,,,,,,
,,,,,,,,,,,,,,,,,,,,,,,,,,,,,,
,,,,,,,,,,,,,,,,,,,,,,,,,,,,,,
,,,,,,,,,,,,,,,,,,,,,,,,,,,,,,
,,,,,,,,,,,,,,,,,,,,,,,,,,,,,,
,,,,,,,,,,,,,,,,,,,,,,,,,,,,,,
,,,,,,,,,,,,,,,,,,,,,,,,,,,,,,
,,,,,,,,,,,,,,,,,,,,,,,,,,,,,,
,,,,,,,,,,,,,,,,,,,,,,,,,,,,,,
,,,,,,,,,,,,,,,,,,,,,,,,,,,,,,
,,,,,,,,,,,,,,,,,,,,,,,,,,,,,,
,,,,,,,,,,,,,,,,,,,,,,,,,,,,,,
,,,,,,,,,,,,,,,,,,,,,,,,,,,,,,
,,,,,,,,,,,,,,,,,,,,,,,,,,,,,,
,,,,,,,,,,,,,,,,,,,,,,,,,,,,,,
,,,,,,,,,,,,,,,,,,,,,,,,,,,,,,
,,,,,,,,,,,,,,,,,,,,,,,,,,,,,,
,,,,,,,,,,,,,,,,,,,,,,,,,,,,,,
,,,,,,,,,,,,,,,,,,,,,,,,,,,,,,
,,,,,,,,,,,,,,,,,,,,,,,,,,,,,,
,,,,,,,,,,,,,,,,,,,,,,,,,,,,,,
,,,,,,,,,,,,,,,,,,,,,,,,,,,,,,
,,,,,,,,,,,,,,,,,,,,,,,,,,,,,,
,,,,,,,,,,,,,,,,,,,,,,,,,,,,,,
,,,,,,,,,,,,,,,,,,,,,,,,,,,,,,
,,,,,,,,,,,,,,,,,,,,,,,,,,,,,,
,,,,,,,,,,,,,,,,,,,,,,,,,,,,,,
,,,,,,,,,,,,,,,,,,,,,,,,,,,,,,
,,,,,,,,,,,,,,,,,,,,,,,,,,,,,,
,,,,,,,,,,,,,,,,,,,,,,,,,,,,,,
,,,,,,,,,,,,,,,,,,,,,,,,,,,,,,
,,,,,,,,,,,,,,,,,,,,,,,,,,,,,,
,,,,,,,,,,,,,,,,,,,,,,,,,,,,,,
,,,,,,,,,,,,,,,,,,,,,,,,,,,,,,
,,,,,,,,,,,,,,,,,,,,,,,,,,,,,,
,,,,,,,,,,,,,,,,,,,,,,,,,,,,,,
,,,,,,,,,,,,,,,,,,,,,,,,,,,,,,
,,,,,,,,,,,,,,,,,,,,,,,,,,,,,,
,,,,,,,,,,,,,,,,,,,,,,,,,,,,,,
,,,,,,,,,,,,,,,,,,,,,,,,,,,,,,
,,,,,,,,,,,,,,,,,,,,,,,,,,,,,,
,,,,,,,,,,,,,,,,,,,,,,,,,,,,,,
,,,,,,,,,,,,,,,,,,,,,,,,,,,,,,
,,,,,,,,,,,,,,,,,,,,,,,,,,,,,,
,,,,,,,,,,,,,,,,,,,,,,,,,,,,,,
,,,,,,,,,,,,,,,,,,,,,,,,,,,,,,
,,,,,,,,,,,,,,,,,,,,,,,,,,,,,,
,,,,,,,,,,,,,,,,,,,,,,,,,,,,,,
,,,,,,,,,,,,,,,,,,,,,,,,,,,,,,
,,,,,,,,,,,,,,,,,,,,,,,,,,,,,,
,,,,,,,,,,,,,,,,,,,,,,,,,,,,,,
,,,,,,,,,,,,,,,,,,,,,,,,,,,,,,
,,,,,,,,,,,,,,,,,,,,,,,,,,,,,,
,,,,,,,,,,,,,,,,,,,,,,,,,,,,,,
,,,,,,,,,,,,,,,,,,,,,,,,,,,,,,
,,,,,,,,,,,,,,,,,,,,,,,,,,,,,,
,,,,,,,,,,,,,,,,,,,,,,,,,,,,,,
,,,,,,,,,,,,,,,,,,,,,,,,,,,,,,
,,,,,,,,,,,,,,,,,,,,,,,,,,,,,,
,,,,,,,,,,,,,,,,,,,,,,,,,,,,,,
,,,,,,,,,,,,,,,,,,,,,,,,,,,,,,
,,,,,,,,,,,,,,,,,,,,,,,,,,,,,,
,,,,,,,,,,,,,,,,,,,,,,,,,,,,,,
,,,,,,,,,,,,,,,,,,,,,,,,,,,,,,
,,,,,,,,,,,,,,,,,,,,,,,,,,,,,,
,,,,,,,,,,,,,,,,,,,,,,,,,,,,,,
,,,,,,,,,,,,,,,,,,,,,,,,,,,,,,
,,,,,,,,,,,,,,,,,,,,,,,,,,,,,,
,,,,,,,,,,,,,,,,,,,,,,,,,,,,,,
,,,,,,,,,,,,,,,,,,,,,,,,,,,,,,
,,,,,,,,,,,,,,,,,,,,,,,,,,,,,,
,,,,,,,,,,,,,,,,,,,,,,,,,,,,,,
,,,,,,,,,,,,,,,,,,,,,,,,,,,,,,
,,,,,,,,,,,,,,,,,,,,,,,,,,,,,,
,,,,,,,,,,,,,,,,,,,,,,,,,,,,,,
,,,,,,,,,,,,,,,,,,,,,,,,,,,,,,
,,,,,,,,,,,,,,,,,,,,,,,,,,,,,,
,,,,,,,,,,,,,,,,,,,,,,,,,,,,,,
,,,,,,,,,,,,,,,,,,,,,,,,,,,,,,
,,,,,,,,,,,,,,,,,,,,,,,,,,,,,,
,,,,,,,,,,,,,,,,,,,,,,,,,,,,,,
,,,,,,,,,,,,,,,,,,,,,,,,,,,,,,
,,,,,,,,,,,,,,,,,,,,,,,,,,,,,,
,,,,,,,,,,,,,,,,,,,,,,,,,,,,,,
,,,,,,,,,,,,,,,,,,,,,,,,,,,,,,
,,,,,,,,,,,,,,,,,,,,,,,,,,,,,,
,,,,,,,,,,,,,,,,,,,,,,,,,,,,,,
,,,,,,,,,,,,,,,,,,,,,,,,,,,,,,
,,,,,,,,,,,,,,,,,,,,,,,,,,,,,,
,,,,,,,,,,,,,,,,,,,,,,,,,,,,,,
,,,,,,,,,,,,,,,,,,,,,,,,,,,,,,
,,,,,,,,,,,,,,,,,,,,,,,,,,,,,,
,,,,,,,,,,,,,,,,,,,,,,,,,,,,,,
,,,,,,,,,,,,,,,,,,,,,,,,,,,,,,
,,,,,,,,,,,,,,,,,,,,,,,,,,,,,,
,,,,,,,,,,,,,,,,,,,,,,,,,,,,,,
,,,,,,,,,,,,,,,,,,,,,,,,,,,,,,
,,,,,,,,,,,,,,,,,,,,,,,,,,,,,,
,,,,,,,,,,,,,,,,,,,,,,,,,,,,,,
,,,,,,,,,,,,,,,,,,,,,,,,,,,,,,
,,,,,,,,,,,,,,,,,,,,,,,,,,,,,,
,,,,,,,,,,,,,,,,,,,,,,,,,,,,,,
,,,,,,,,,,,,,,,,,,,,,,,,,,,,,,
,,,,,,,,,,,,,,,,,,,,,,,,,,,,,,
,,,,,,,,,,,,,,,,,,,,,,,,,,,,,,
,,,,,,,,,,,,,,,,,,,,,,,,,,,,,,
,,,,,,,,,,,,,,,,,,,,,,,,,,,,,,
,,,,,,,,,,,,,,,,,,,,,,,,,,,,,,
,,,,,,,,,,,,,,,,,,,,,,,,,,,,,,
,,,,,,,,,,,,,,,,,,,,,,,,,,,,,,
,,,,,,,,,,,,,,,,,,,,,,,,,,,,,,
,,,,,,,,,,,,,,,,,,,,,,,,,,,,,,
,,,,,,,,,,,,,,,,,,,,,,,,,,,,,,
,,,,,,,,,,,,,,,,,,,,,,,,,,,,,,
,,,,,,,,,,,,,,,,,,,,,,,,,,,,,,
,,,,,,,,,,,,,,,,,,,,,,,,,,,,,,
,,,,,,,,,,,,,,,,,,,,,,,,,,,,,,
,,,,,,,,,,,,,,,,,,,,,,,,,,,,,,
,,,,,,,,,,,,,,,,,,,,,,,,,,,,,,
,,,,,,,,,,,,,,,,,,,,,,,,,,,,,,
,,,,,,,,,,,,,,,,,,,,,,,,,,,,,,
,,,,,,,,,,,,,,,,,,,,,,,,,,,,,,
,,,,,,,,,,,,,,,,,,,,,,,,,,,,,,
,,,,,,,,,,,,,,,,,,,,,,,,,,,,,,
,,,,,,,,,,,,,,,,,,,,,,,,,,,,,,
,,,,,,,,,,,,,,,,,,,,,,,,,,,,,,
,,,,,,,,,,,,,,,,,,,,,,,,,,,,,,
,,,,,,,,,,,,,,,,,,,,,,,,,,,,,,
,,,,,,,,,,,,,,,,,,,,,,,,,,,,,,
,,,,,,,,,,,,,,,,,,,,,,,,,,,,,,
,,,,,,,,,,,,,,,,,,,,,,,,,,,,,,
,,,,,,,,,,,,,,,,,,,,,,,,,,,,,,
,,,,,,,,,,,,,,,,,,,,,,,,,,,,,,
,,,,,,,,,,,,,,,,,,,,,,,,,,,,,,
,,,,,,,,,,,,,,,,,,,,,,,,,,,,,,
,,,,,,,,,,,,,,,,,,,,,,,,,,,,,,
,,,,,,,,,,,,,,,,,,,,,,,,,,,,,,
,,,,,,,,,,,,,,,,,,,,,,,,,,,,,,
,,,,,,,,,,,,,,,,,,,,,,,,,,,,,,
,,,,,,,,,,,,,,,,,,,,,,,,,,,,,,
,,,,,,,,,,,,,,,,,,,,,,,,,,,,,,
,,,,,,,,,,,,,,,,,,,,,,,,,,,,,,
,,,,,,,,,,,,,,,,,,,,,,,,,,,,,,
,,,,,,,,,,,,,,,,,,,,,,,,,,,,,,
,,,,,,,,,,,,,,,,,,,,,,,,,,,,,,
,,,,,,,,,,,,,,,,,,,,,,,,,,,,,,
,,,,,,,,,,,,,,,,,,,,,,,,,,,,,,
,,,,,,,,,,,,,,,,,,,,,,,,,,,,,,
,,,,,,,,,,,,,,,,,,,,,,,,,,,,,,
,,,,,,,,,,,,,,,,,,,,,,,,,,,,,,
,,,,,,,,,,,,,,,,,,,,,,,,,,,,,,
,,,,,,,,,,,,,,,,,,,,,,,,,,,,,,
,,,,,,,,,,,,,,,,,,,,,,,,,,,,,,
,,,,,,,,,,,,,,,,,,,,,,,,,,,,,,
,,,,,,,,,,,,,,,,,,,,,,,,,,,,,,
,,,,,,,,,,,,,,,,,,,,,,,,,,,,,,
,,,,,,,,,,,,,,,,,,,,,,,,,,,,,,
,,,,,,,,,,,,,,,,,,,,,,,,,,,,,,
,,,,,,,,,,,,,,,,,,,,,,,,,,,,,,
,,,,,,,,,,,,,,,,,,,,,,,,,,,,,,
,,,,,,,,,,,,,,,,,,,,,,,,,,,,,,
,,,,,,,,,,,,,,,,,,,,,,,,,,,,,,
,,,,,,,,,,,,,,,,,,,,,,,,,,,,,,
,,,,,,,,,,,,,,,,,,,,,,,,,,,,,,
,,,,,,,,,,,,,,,,,,,,,,,,,,,,,,
,,,,,,,,,,,,,,,,,,,,,,,,,,,,,,
,,,,,,,,,,,,,,,,,,,,,,,,,,,,,,
,,,,,,,,,,,,,,,,,,,,,,,,,,,,,,
,,,,,,,,,,,,,,,,,,,,,,,,,,,,,,
,,,,,,,,,,,,,,,,,,,,,,,,,,,,,,
,,,,,,,,,,,,,,,,,,,,,,,,,,,,,,
,,,,,,,,,,,,,,,,,,,,,,,,,,,,,,
,,,,,,,,,,,,,,,,,,,,,,,,,,,,,,
,,,,,,,,,,,,,,,,,,,,,,,,,,,,,,
,,,,,,,,,,,,,,,,,,,,,,,,,,,,,,
,,,,,,,,,,,,,,,,,,,,,,,,,,,,,,
,,,,,,,,,,,,,,,,,,,,,,,,,,,,,,
,,,,,,,,,,,,,,,,,,,,,,,,,,,,,,
,,,,,,,,,,,,,,,,,,,,,,,,,,,,,,
,,,,,,,,,,,,,,,,,,,,,,,,,,,,,,
,,,,,,,,,,,,,,,,,,,,,,,,,,,,,,
,,,,,,,,,,,,,,,,,,,,,,,,,,,,,,
,,,,,,,,,,,,,,,,,,,,,,,,,,,,,,
,,,,,,,,,,,,,,,,,,,,,,,,,,,,,,
,,,,,,,,,,,,,,,,,,,,,,,,,,,,,,
,,,,,,,,,,,,,,,,,,,,,,,,,,,,,,
,,,,,,,,,,,,,,,,,,,,,,,,,,,,,,
,,,,,,,,,,,,,,,,,,,,,,,,,,,,,,
,,,,,,,,,,,,,,,,,,,,,,,,,,,,,,
,,,,,,,,,,,,,,,,,,,,,,,,,,,,,,
,,,,,,,,,,,,,,,,,,,,,,,,,,,,,,
,,,,,,,,,,,,,,,,,,,,,,,,,,,,,,
,,,,,,,,,,,,,,,,,,,,,,,,,,,,,,
,,,,,,,,,,,,,,,,,,,,,,,,,,,,,,
,,,,,,,,,,,,,,,,,,,,,,,,,,,,,,
,,,,,,,,,,,,,,,,,,,,,,,,,,,,,,
,,,,,,,,,,,,,,,,,,,,,,,,,,,,,,
,,,,,,,,,,,,,,,,,,,,,,,,,,,,,,
,,,,,,,,,,,,,,,,,,,,,,,,,,,,,,
,,,,,,,,,,,,,,,,,,,,,,,,,,,,,,
,,,,,,,,,,,,,,,,,,,,,,,,,,,,,,
,,,,,,,,,,,,,,,,,,,,,,,,,,,,,,
,,,,,,,,,,,,,,,,,,,,,,,,,,,,,,
,,,,,,,,,,,,,,,,,,,,,,,,,,,,,,
,,,,,,,,,,,,,,,,,,,,,,,,,,,,,,
,,,,,,,,,,,,,,,,,,,,,,,,,,,,,,
,,,,,,,,,,,,,,,,,,,,,,,,,,,,,,
,,,,,,,,,,,,,,,,,,,,,,,,,,,,,,
,,,,,,,,,,,,,,,,,,,,,,,,,,,,,,
,,,,,,,,,,,,,,,,,,,,,,,,,,,,,,
,,,,,,,,,,,,,,,,,,,,,,,,,,,,,,
,,,,,,,,,,,,,,,,,,,,,,,,,,,,,,
,,,,,,,,,,,,,,,,,,,,,,,,,,,,,,
,,,,,,,,,,,,,,,,,,,,,,,,,,,,,,
,,,,,,,,,,,,,,,,,,,,,,,,,,,,,,
,,,,,,,,,,,,,,,,,,,,,,,,,,,,,,
,,,,,,,,,,,,,,,,,,,,,,,,,,,,,,
,,,,,,,,,,,,,,,,,,,,,,,,,,,,,,
,,,,,,,,,,,,,,,,,,,,,,,,,,,,,,
,,,,,,,,,,,,,,,,,,,,,,,,,,,,,,
,,,,,,,,,,,,,,,,,,,,,,,,,,,,,,
,,,,,,,,,,,,,,,,,,,,,,,,,,,,,,
,,,,,,,,,,,,,,,,,,,,,,,,,,,,,,
,,,,,,,,,,,,,,,,,,,,,,,,,,,,,,
,,,,,,,,,,,,,,,,,,,,,,,,,,,,,,
,,,,,,,,,,,,,,,,,,,,,,,,,,,,,,
,,,,,,,,,,,,,,,,,,,,,,,,,,,,,,
,,,,,,,,,,,,,,,,,,,,,,,,,,,,,,
,,,,,,,,,,,,,,,,,,,,,,,,,,,,,,
,,,,,,,,,,,,,,,,,,,,,,,,,,,,,,
,,,,,,,,,,,,,,,,,,,,,,,,,,,,,,
,,,,,,,,,,,,,,,,,,,,,,,,,,,,,,
,,,,,,,,,,,,,,,,,,,,,,,,,,,,,,
,,,,,,,,,,,,,,,,,,,,,,,,,,,,,,
,,,,,,,,,,,,,,,,,,,,,,,,,,,,,,
,,,,,,,,,,,,,,,,,,,,,,,,,,,,,,
,,,,,,,,,,,,,,,,,,,,,,,,,,,,,,
,,,,,,,,,,,,,,,,,,,,,,,,,,,,,,
,,,,,,,,,,,,,,,,,,,,,,,,,,,,,,
,,,,,,,,,,,,,,,,,,,,,,,,,,,,,,
,,,,,,,,,,,,,,,,,,,,,,,,,,,,,,
,,,,,,,,,,,,,,,,,,,,,,,,,,,,,,
,,,,,,,,,,,,,,,,,,,,,,,,,,,,,,
,,,,,,,,,,,,,,,,,,,,,,,,,,,,,,
,,,,,,,,,,,,,,,,,,,,,,,,,,,,,,
,,,,,,,,,,,,,,,,,,,,,,,,,,,,,,
,,,,,,,,,,,,,,,,,,,,,,,,,,,,,,
,,,,,,,,,,,,,,,,,,,,,,,,,,,,,,
,,,,,,,,,,,,,,,,,,,,,,,,,,,,,,
,,,,,,,,,,,,,,,,,,,,,,,,,,,,,,
,,,,,,,,,,,,,,,,,,,,,,,,,,,,,,
,,,,,,,,,,,,,,,,,,,,,,,,,,,,,,
,,,,,,,,,,,,,,,,,,,,,,,,,,,,,,
,,,,,,,,,,,,,,,,,,,,,,,,,,,,,,
,,,,,,,,,,,,,,,,,,,,,,,,,,,,,,
,,,,,,,,,,,,,,,,,,,,,,,,,,,,,,
,,,,,,,,,,,,,,,,,,,,,,,,,,,,,,
,,,,,,,,,,,,,,,,,,,,,,,,,,,,,,
,,,,,,,,,,,,,,,,,,,,,,,,,,,,,,
,,,,,,,,,,,,,,,,,,,,,,,,,,,,,,
,,,,,,,,,,,,,,,,,,,,,,,,,,,,,,
,,,,,,,,,,,,,,,,,,,,,,,,,,,,,,
,,,,,,,,,,,,,,,,,,,,,,,,,,,,,,
,,,,,,,,,,,,,,,,,,,,,,,,,,,,,,
,,,,,,,,,,,,,,,,,,,,,,,,,,,,,,
,,,,,,,,,,,,,,,,,,,,,,,,,,,,,,
,,,,,,,,,,,,,,,,,,,,,,,,,,,,,,
,,,,,,,,,,,,,,,,,,,,,,,,,,,,,,
,,,,,,,,,,,,,,,,,,,,,,,,,,,,,,
,,,,,,,,,,,,,,,,,,,,,,,,,,,,,,
,,,,,,,,,,,,,,,,,,,,,,,,,,,,,,
,,,,,,,,,,,,,,,,,,,,,,,,,,,,,,
,,,,,,,,,,,,,,,,,,,,,,,,,,,,,,
,,,,,,,,,,,,,,,,,,,,,,,,,,,,,,
,,,,,,,,,,,,,,,,,,,,,,,,,,,,,,
,,,,,,,,,,,,,,,,,,,,,,,,,,,,,,
,,,,,,,,,,,,,,,,,,,,,,,,,,,,,,
,,,,,,,,,,,,,,,,,,,,,,,,,,,,,,
,,,,,,,,,,,,,,,,,,,,,,,,,,,,,,
,,,,,,,,,,,,,,,,,,,,,,,,,,,,,,
,,,,,,,,,,,,,,,,,,,,,,,,,,,,,,
,,,,,,,,,,,,,,,,,,,,,,,,,,,,,,
,,,,,,,,,,,,,,,,,,,,,,,,,,,,,,
,,,,,,,,,,,,,,,,,,,,,,,,,,,,,,
,,,,,,,,,,,,,,,,,,,,,,,,,,,,,,
,,,,,,,,,,,,,,,,,,,,,,,,,,,,,,
,,,,,,,,,,,,,,,,,,,,,,,,,,,,,,
,,,,,,,,,,,,,,,,,,,,,,,,,,,,,,
,,,,,,,,,,,,,,,,,,,,,,,,,,,,,,
,,,,,,,,,,,,,,,,,,,,,,,,,,,,,,
,,,,,,,,,,,,,,,,,,,,,,,,,,,,,,
,,,,,,,,,,,,,,,,,,,,,,,,,,,,,,
,,,,,,,,,,,,,,,,,,,,,,,,,,,,,,
,,,,,,,,,,,,,,,,,,,,,,,,,,,,,,
,,,,,,,,,,,,,,,,,,,,,,,,,,,,,,
,,,,,,,,,,,,,,,,,,,,,,,,,,,,,,
,,,,,,,,,,,,,,,,,,,,,,,,,,,,,,
,,,,,,,,,,,,,,,,,,,,,,,,,,,,,,
,,,,,,,,,,,,,,,,,,,,,,,,,,,,,,
,,,,,,,,,,,,,,,,,,,,,,,,,,,,,,
,,,,,,,,,,,,,,,,,,,,,,,,,,,,,,
,,,,,,,,,,,,,,,,,,,,,,,,,,,,,,
,,,,,,,,,,,,,,,,,,,,,,,,,,,,,,
,,,,,,,,,,,,,,,,,,,,,,,,,,,,,,
,,,,,,,,,,,,,,,,,,,,,,,,,,,,,,
,,,,,,,,,,,,,,,,,,,,,,,,,,,,,,
,,,,,,,,,,,,,,,,,,,,,,,,,,,,,,
,,,,,,,,,,,,,,,,,,,,,,,,,,,,,,
,,,,,,,,,,,,,,,,,,,,,,,,,,,,,,
,,,,,,,,,,,,,,,,,,,,,,,,,,,,,,
,,,,,,,,,,,,,,,,,,,,,,,,,,,,,,
,,,,,,,,,,,,,,,,,,,,,,,,,,,,,,
,,,,,,,,,,,,,,,,,,,,,,,,,,,,,,
,,,,,,,,,,,,,,,,,,,,,,,,,,,,,,
,,,,,,,,,,,,,,,,,,,,,,,,,,,,,,
,,,,,,,,,,,,,,,,,,,,,,,,,,,,,,
,,,,,,,,,,,,,,,,,,,,,,,,,,,,,,
,,,,,,,,,,,,,,,,,,,,,,,,,,,,,,
,,,,,,,,,,,,,,,,,,,,,,,,,,,,,,
,,,,,,,,,,,,,,,,,,,,,,,,,,,,,,
,,,,,,,,,,,,,,,,,,,,,,,,,,,,,,
,,,,,,,,,,,,,,,,,,,,,,,,,,,,,,
,,,,,,,,,,,,,,,,,,,,,,,,,,,,,,
,,,,,,,,,,,,,,,,,,,,,,,,,,,,,,
,,,,,,,,,,,,,,,,,,,,,,,,,,,,,,
,,,,,,,,,,,,,,,,,,,,,,,,,,,,,,
,,,,,,,,,,,,,,,,,,,,,,,,,,,,,,
,,,,,,,,,,,,,,,,,,,,,,,,,,,,,,
,,,,,,,,,,,,,,,,,,,,,,,,,,,,,,
,,,,,,,,,,,,,,,,,,,,,,,,,,,,,,
,,,,,,,,,,,,,,,,,,,,,,,,,,,,,,
,,,,,,,,,,,,,,,,,,,,,,,,,,,,,,
,,,,,,,,,,,,,,,,,,,,,,,,,,,,,,
,,,,,,,,,,,,,,,,,,,,,,,,,,,,,,
,,,,,,,,,,,,,,,,,,,,,,,,,,,,,,
,,,,,,,,,,,,,,,,,,,,,,,,,,,,,,
,,,,,,,,,,,,,,,,,,,,,,,,,,,,,,
,,,,,,,,,,,,,,,,,,,,,,,,,,,,,,
,,,,,,,,,,,,,,,,,,,,,,,,,,,,,,
,,,,,,,,,,,,,,,,,,,,,,,,,,,,,,
,,,,,,,,,,,,,,,,,,,,,,,,,,,,,,
,,,,,,,,,,,,,,,,,,,,,,,,,,,,,,
,,,,,,,,,,,,,,,,,,,,,,,,,,,,,,
,,,,,,,,,,,,,,,,,,,,,,,,,,,,,,
,,,,,,,,,,,,,,,,,,,,,,,,,,,,,,
,,,,,,,,,,,,,,,,,,,,,,,,,,,,,,
,,,,,,,,,,,,,,,,,,,,,,,,,,,,,,
,,,,,,,,,,,,,,,,,,,,,,,,,,,,,,
,,,,,,,,,,,,,,,,,,,,,,,,,,,,,,
,,,,,,,,,,,,,,,,,,,,,,,,,,,,,,
,,,,,,,,,,,,,,,,,,,,,,,,,,,,,,
,,,,,,,,,,,,,,,,,,,,,,,,,,,,,,
,,,,,,,,,,,,,,,,,,,,,,,,,,,,,,
,,,,,,,,,,,,,,,,,,,,,,,,,,,,,,
,,,,,,,,,,,,,,,,,,,,,,,,,,,,,,
,,,,,,,,,,,,,,,,,,,,,,,,,,,,,,
,,,,,,,,,,,,,,,,,,,,,,,,,,,,,,
,,,,,,,,,,,,,,,,,,,,,,,,,,,,,,
,,,,,,,,,,,,,,,,,,,,,,,,,,,,,,
,,,,,,,,,,,,,,,,,,,,,,,,,,,,,,
,,,,,,,,,,,,,,,,,,,,,,,,,,,,,,
,,,,,,,,,,,,,,,,,,,,,,,,,,,,,,
,,,,,,,,,,,,,,,,,,,,,,,,,,,,,,
,,,,,,,,,,,,,,,,,,,,,,,,,,,,,,
,,,,,,,,,,,,,,,,,,,,,,,,,,,,,,
,,,,,,,,,,,,,,,,,,,,,,,,,,,,,,
,,,,,,,,,,,,,,,,,,,,,,,,,,,,,,
,,,,,,,,,,,,,,,,,,,,,,,,,,,,,,
,,,,,,,,,,,,,,,,,,,,,,,,,,,,,,
,,,,,,,,,,,,,,,,,,,,,,,,,,,,,,
,,,,,,,,,,,,,,,,,,,,,,,,,,,,,,
,,,,,,,,,,,,,,,,,,,,,,,,,,,,,,
,,,,,,,,,,,,,,,,,,,,,,,,,,,,,,
,,,,,,,,,,,,,,,,,,,,,,,,,,,,,,
,,,,,,,,,,,,,,,,,,,,,,,,,,,,,,
,,,,,,,,,,,,,,,,,,,,,,,,,,,,,,
,,,,,,,,,,,,,,,,,,,,,,,,,,,,,,
,,,,,,,,,,,,,,,,,,,,,,,,,,,,,,
,,,,,,,,,,,,,,,,,,,,,,,,,,,,,,
,,,,,,,,,,,,,,,,,,,,,,,,,,,,,,
,,,,,,,,,,,,,,,,,,,,,,,,,,,,,,
,,,,,,,,,,,,,,,,,,,,,,,,,,,,,,
,,,,,,,,,,,,,,,,,,,,,,,,,,,,,,
,,,,,,,,,,,,,,,,,,,,,,,,,,,,,,
,,,,,,,,,,,,,,,,,,,,,,,,,,,,,,
,,,,,,,,,,,,,,,,,,,,,,,,,,,,,,
,,,,,,,,,,,,,,,,,,,,,,,,,,,,,,
,,,,,,,,,,,,,,,,,,,,,,,,,,,,,,
,,,,,,,,,,,,,,,,,,,,,,,,,,,,,,
,,,,,,,,,,,,,,,,,,,,,,,,,,,,,,
,,,,,,,,,,,,,,,,,,,,,,,,,,,,,,
,,,,,,,,,,,,,,,,,,,,,,,,,,,,,,
,,,,,,,,,,,,,,,,,,,,,,,,,,,,,,
,,,,,,,,,,,,,,,,,,,,,,,,,,,,,,
,,,,,,,,,,,,,,,,,,,,,,,,,,,,,,
,,,,,,,,,,,,,,,,,,,,,,,,,,,,,,
,,,,,,,,,,,,,,,,,,,,,,,,,,,,,,
,,,,,,,,,,,,,,,,,,,,,,,,,,,,,,
,,,,,,,,,,,,,,,,,,,,,,,,,,,,,,
,,,,,,,,,,,,,,,,,,,,,,,,,,,,,,
,,,,,,,,,,,,,,,,,,,,,,,,,,,,,,
,,,,,,,,,,,,,,,,,,,,,,,,,,,,,,
,,,,,,,,,,,,,,,,,,,,,,,,,,,,,,
,,,,,,,,,,,,,,,,,,,,,,,,,,,,,,
,,,,,,,,,,,,,,,,,,,,,,,,,,,,,,
,,,,,,,,,,,,,,,,,,,,,,,,,,,,,,
,,,,,,,,,,,,,,,,,,,,,,,,,,,,,,
,,,,,,,,,,,,,,,,,,,,,,,,,,,,,,
,,,,,,,,,,,,,,,,,,,,,,,,,,,,,,
,,,,,,,,,,,,,,,,,,,,,,,,,,,,,,
,,,,,,,,,,,,,,,,,,,,,,,,,,,,,,
,,,,,,,,,,,,,,,,,,,,,,,,,,,,,,
,,,,,,,,,,,,,,,,,,,,,,,,,,,,,,
,,,,,,,,,,,,,,,,,,,,,,,,,,,,,,
,,,,,,,,,,,,,,,,,,,,,,,,,,,,,,
,,,,,,,,,,,,,,,,,,,,,,,,,,,,,,
,,,,,,,,,,,,,,,,,,,,,,,,,,,,,,
,,,,,,,,,,,,,,,,,,,,,,,,,,,,,,
,,,,,,,,,,,,,,,,,,,,,,,,,,,,,,
,,,,,,,,,,,,,,,,,,,,,,,,,,,,,,
,,,,,,,,,,,,,,,,,,,,,,,,,,,,,,
,,,,,,,,,,,,,,,,,,,,,,,,,,,,,,
,,,,,,,,,,,,,,,,,,,,,,,,,,,,,,
,,,,,,,,,,,,,,,,,,,,,,,,,,,,,,
,,,,,,,,,,,,,,,,,,,,,,,,,,,,,,
,,,,,,,,,,,,,,,,,,,,,,,,,,,,,,
,,,,,,,,,,,,,,,,,,,,,,,,,,,,,,
,,,,,,,,,,,,,,,,,,,,,,,,,,,,,,
,,,,,,,,,,,,,,,,,,,,,,,,,,,,,,
,,,,,,,,,,,,,,,,,,,,,,,,,,,,,,
,,,,,,,,,,,,,,,,,,,,,,,,,,,,,,
,,,,,,,,,,,,,,,,,,,,,,,,,,,,,,
,,,,,,,,,,,,,,,,,,,,,,,,,,,,,,
,,,,,,,,,,,,,,,,,,,,,,,,,,,,,,
,,,,,,,,,,,,,,,,,,,,,,,,,,,,,,
,,,,,,,,,,,,,,,,,,,,,,,,,,,,,,
,,,,,,,,,,,,,,,,,,,,,,,,,,,,,,
,,,,,,,,,,,,,,,,,,,,,,,,,,,,,,
,,,,,,,,,,,,,,,,,,,,,,,,,,,,,,
,,,,,,,,,,,,,,,,,,,,,,,,,,,,,,
,,,,,,,,,,,,,,,,,,,,,,,,,,,,,,
,,,,,,,,,,,,,,,,,,,,,,,,,,,,,,
,,,,,,,,,,,,,,,,,,,,,,,,,,,,,,
,,,,,,,,,,,,,,,,,,,,,,,,,,,,,,
,,,,,,,,,,,,,,,,,,,,,,,,,,,,,,
,,,,,,,,,,,,,,,,,,,,,,,,,,,,,,
,,,,,,,,,,,,,,,,,,,,,,,,,,,,,,
,,,,,,,,,,,,,,,,,,,,,,,,,,,,,,
,,,,,,,,,,,,,,,,,,,,,,,,,,,,,,
,,,,,,,,,,,,,,,,,,,,,,,,,,,,,,
,,,,,,,,,,,,,,,,,,,,,,,,,,,,,,
,,,,,,,,,,,,,,,,,,,,,,,,,,,,,,
,,,,,,,,,,,,,,,,,,,,,,,,,,,,,,
,,,,,,,,,,,,,,,,,,,,,,,,,,,,,,
,,,,,,,,,,,,,,,,,,,,,,,,,,,,,,
,,,,,,,,,,,,,,,,,,,,,,,,,,,,,,
,,,,,,,,,,,,,,,,,,,,,,,,,,,,,,
,,,,,,,,,,,,,,,,,,,,,,,,,,,,,,
,,,,,,,,,,,,,,,,,,,,,,,,,,,,,,
,,,,,,,,,,,,,,,,,,,,,,,,,,,,,,
,,,,,,,,,,,,,,,,,,,,,,,,,,,,,,
,,,,,,,,,,,,,,,,,,,,,,,,,,,,,,
,,,,,,,,,,,,,,,,,,,,,,,,,,,,,,
,,,,,,,,,,,,,,,,,,,,,,,,,,,,,,
,,,,,,,,,,,,,,,,,,,,,,,,,,,,,,
,,,,,,,,,,,,,,,,,,,,,,,,,,,,,,
,,,,,,,,,,,,,,,,,,,,,,,,,,,,,,
,,,,,,,,,,,,,,,,,,,,,,,,,,,,,,
,,,,,,,,,,,,,,,,,,,,,,,,,,,,,,
,,,,,,,,,,,,,,,,,,,,,,,,,,,,,,
,,,,,,,,,,,,,,,,,,,,,,,,,,,,,,
,,,,,,,,,,,,,,,,,,,,,,,,,,,,,,
,,,,,,,,,,,,,,,,,,,,,,,,,,,,,,
,,,,,,,,,,,,,,,,,,,,,,,,,,,,,,
,,,,,,,,,,,,,,,,,,,,,,,,,,,,,,
,,,,,,,,,,,,,,,,,,,,,,,,,,,,,,
,,,,,,,,,,,,,,,,,,,,,,,,,,,,,,
,,,,,,,,,,,,,,,,,,,,,,,,,,,,,,
,,,,,,,,,,,,,,,,,,,,,,,,,,,,,,
,,,,,,,,,,,,,,,,,,,,,,,,,,,,,,
,,,,,,,,,,,,,,,,,,,,,,,,,,,,,,
,,,,,,,,,,,,,,,,,,,,,,,,,,,,,,
,,,,,,,,,,,,,,,,,,,,,,,,,,,,,,
,,,,,,,,,,,,,,,,,,,,,,,,,,,,,,
,,,,,,,,,,,,,,,,,,,,,,,,,,,,,,
,,,,,,,,,,,,,,,,,,,,,,,,,,,,,,
,,,,,,,,,,,,,,,,,,,,,,,,,,,,,,
,,,,,,,,,,,,,,,,,,,,,,,,,,,,,,
,,,,,,,,,,,,,,,,,,,,,,,,,,,,,,
,,,,,,,,,,,,,,,,,,,,,,,,,,,,,,
,,,,,,,,,,,,,,,,,,,,,,,,,,,,,,
,,,,,,,,,,,,,,,,,,,,,,,,,,,,,,
,,,,,,,,,,,,,,,,,,,,,,,,,,,,,,
,,,,,,,,,,,,,,,,,,,,,,,,,,,,,,
,,,,,,,,,,,,,,,,,,,,,,,,,,,,,,
,,,,,,,,,,,,,,,,,,,,,,,,,,,,,,
,,,,,,,,,,,,,,,,,,,,,,,,,,,,,,
,,,,,,,,,,,,,,,,,,,,,,,,,,,,,,
,,,,,,,,,,,,,,,,,,,,,,,,,,,,,,
,,,,,,,,,,,,,,,,,,,,,,,,,,,,,,
,,,,,,,,,,,,,,,,,,,,,,,,,,,,,,
,,,,,,,,,,,,,,,,,,,,,,,,,,,,,,
,,,,,,,,,,,,,,,,,,,,,,,,,,,,,,
,,,,,,,,,,,,,,,,,,,,,,,,,,,,,,
,,,,,,,,,,,,,,,,,,,,,,,,,,,,,,
,,,,,,,,,,,,,,,,,,,,,,,,,,,,,,
,,,,,,,,,,,,,,,,,,,,,,,,,,,,,,
,,,,,,,,,,,,,,,,,,,,,,,,,,,,,,
,,,,,,,,,,,,,,,,,,,,,,,,,,,,,,
,,,,,,,,,,,,,,,,,,,,,,,,,,,,,,
,,,,,,,,,,,,,,,,,,,,,,,,,,,,,,
,,,,,,,,,,,,,,,,,,,,,,,,,,,,,,
,,,,,,,,,,,,,,,,,,,,,,,,,,,,,,
,,,,,,,,,,,,,,,,,,,,,,,,,,,,,,
,,,,,,,,,,,,,,,,,,,,,,,,,,,,,,
,,,,,,,,,,,,,,,,,,,,,,,,,,,,,,
,,,,,,,,,,,,,,,,,,,,,,,,,,,,,,
,,,,,,,,,,,,,,,,,,,,,,,,,,,,,,
,,,,,,,,,,,,,,,,,,,,,,,,,,,,,,
,,,,,,,,,,,,,,,,,,,,,,,,,,,,,,
,,,,,,,,,,,,,,,,,,,,,,,,,,,,,,
,,,,,,,,,,,,,,,,,,,,,,,,,,,,,,
,,,,,,,,,,,,,,,,,,,,,,,,,,,,,,
,,,,,,,,,,,,,,,,,,,,,,,,,,,,,,
,,,,,,,,,,,,,,,,,,,,,,,,,,,,,,
,,,,,,,,,,,,,,,,,,,,,,,,,,,,,,
,,,,,,,,,,,,,,,,,,,,,,,,,,,,,,
,,,,,,,,,,,,,,,,,,,,,,,,,,,,,,
,,,,,,,,,,,,,,,,,,,,,,,,,,,,,,
,,,,,,,,,,,,,,,,,,,,,,,,,,,,,,
,,,,,,,,,,,,,,,,,,,,,,,,,,,,,,
,,,,,,,,,,,,,,,,,,,,,,,,,,,,,,
,,,,,,,,,,,,,,,,,,,,,,,,,,,,,,
,,,,,,,,,,,,,,,,,,,,,,,,,,,,,,
,,,,,,,,,,,,,,,,,,,,,,,,,,,,,,
,,,,,,,,,,,,,,,,,,,,,,,,,,,,,,
,,,,,,,,,,,,,,,,,,,,,,,,,,,,,,
,,,,,,,,,,,,,,,,,,,,,,,,,,,,,,
,,,,,,,,,,,,,,,,,,,,,,,,,,,,,,
,,,,,,,,,,,,,,,,,,,,,,,,,,,,,,
,,,,,,,,,,,,,,,,,,,,,,,,,,,,,,
,,,,,,,,,,,,,,,,,,,,,,,,,,,,,,
,,,,,,,,,,,,,,,,,,,,,,,,,,,,,,
,,,,,,,,,,,,,,,,,,,,,,,,,,,,,,
,,,,,,,,,,,,,,,,,,,,,,,,,,,,,,
,,,,,,,,,,,,,,,,,,,,,,,,,,,,,,
,,,,,,,,,,,,,,,,,,,,,,,,,,,,,,
,,,,,,,,,,,,,,,,,,,,,,,,,,,,,,
,,,,,,,,,,,,,,,,,,,,,,,,,,,,,,
,,,,,,,,,,,,,,,,,,,,,,,,,,,,,,
,,,,,,,,,,,,,,,,,,,,,,,,,,,,,,
,,,,,,,,,,,,,,,,,,,,,,,,,,,,,,
,,,,,,,,,,,,,,,,,,,,,,,,,,,,,,
,,,,,,,,,,,,,,,,,,,,,,,,,,,,,,
,,,,,,,,,,,,,,,,,,,,,,,,,,,,,,
,,,,,,,,,,,,,,,,,,,,,,,,,,,,,,
,,,,,,,,,,,,,,,,,,,,,,,,,,,,,,
,,,,,,,,,,,,,,,,,,,,,,,,,,,,,,
,,,,,,,,,,,,,,,,,,,,,,,,,,,,,,
,,,,,,,,,,,,,,,,,,,,,,,,,,,,,,
,,,,,,,,,,,,,,,,,,,,,,,,,,,,,,
,,,,,,,,,,,,,,,,,,,,,,,,,,,,,,
,,,,,,,,,,,,,,,,,,,,,,,,,,,,,,
,,,,,,,,,,,,,,,,,,,,,,,,,,,,,,
,,,,,,,,,,,,,,,,,,,,,,,,,,,,,,
,,,,,,,,,,,,,,,,,,,,,,,,,,,,,,
,,,,,,,,,,,,,,,,,,,,,,,,,,,,,,
,,,,,,,,,,,,,,,,,,,,,,,,,,,,,,
,,,,,,,,,,,,,,,,,,,,,,,,,,,,,,
,,,,,,,,,,,,,,,,,,,,,,,,,,,,,,
,,,,,,,,,,,,,,,,,,,,,,,,,,,,,,
,,,,,,,,,,,,,,,,,,,,,,,,,,,,,,
,,,,,,,,,,,,,,,,,,,,,,,,,,,,,,
,,,,,,,,,,,,,,,,,,,,,,,,,,,,,,
,,,,,,,,,,,,,,,,,,,,,,,,,,,,,,
,,,,,,,,,,,,,,,,,,,,,,,,,,,,,,
,,,,,,,,,,,,,,,,,,,,,,,,,,,,,,
,,,,,,,,,,,,,,,,,,,,,,,,,,,,,,
,,,,,,,,,,,,,,,,,,,,,,,,,,,,,,
,,,,,,,,,,,,,,,,,,,,,,,,,,,,,,
,,,,,,,,,,,,,,,,,,,,,,,,,,,,,,
,,,,,,,,,,,,,,,,,,,,,,,,,,,,,,
,,,,,,,,,,,,,,,,,,,,,,,,,,,,,,
,,,,,,,,,,,,,,,,,,,,,,,,,,,,,,
,,,,,,,,,,,,,,,,,,,,,,,,,,,,,,
,,,,,,,,,,,,,,,,,,,,,,,,,,,,,,
,,,,,,,,,,,,,,,,,,,,,,,,,,,,,,
,,,,,,,,,,,,,,,,,,,,,,,,,,,,,,
,,,,,,,,,,,,,,,,,,,,,,,,,,,,,,
,,,,,,,,,,,,,,,,,,,,,,,,,,,,,,
,,,,,,,,,,,,,,,,,,,,,,,,,,,,,,
,,,,,,,,,,,,,,,,,,,,,,,,,,,,,,
,,,,,,,,,,,,,,,,,,,,,,,,,,,,,,
,,,,,,,,,,,,,,,,,,,,,,,,,,,,,,
,,,,,,,,,,,,,,,,,,,,,,,,,,,,,,
,,,,,,,,,,,,,,,,,,,,,,,,,,,,,,
,,,,,,,,,,,,,,,,,,,,,,,,,,,,,,
,,,,,,,,,,,,,,,,,,,,,,,,,,,,,,
,,,,,,,,,,,,,,,,,,,,,,,,,,,,,,
,,,,,,,,,,,,,,,,,,,,,,,,,,,,,,
,,,,,,,,,,,,,,,,,,,,,,,,,,,,,,
,,,,,,,,,,,,,,,,,,,,,,,,,,,,,,
,,,,,,,,,,,,,,,,,,,,,,,,,,,,,,
,,,,,,,,,,,,,,,,,,,,,,,,,,,,,,
,,,,,,,,,,,,,,,,,,,,,,,,,,,,,,
,,,,,,,,,,,,,,,,,,,,,,,,,,,,,,
,,,,,,,,,,,,,,,,,,,,,,,,,,,,,,
,,,,,,,,,,,,,,,,,,,,,,,,,,,,,,
,,,,,,,,,,,,,,,,,,,,,,,,,,,,,,
,,,,,,,,,,,,,,,,,,,,,,,,,,,,,,
,,,,,,,,,,,,,,,,,,,,,,,,,,,,,,
,,,,,,,,,,,,,,,,,,,,,,,,,,,,,,
,,,,,,,,,,,,,,,,,,,,,,,,,,,,,,
,,,,,,,,,,,,,,,,,,,,,,,,,,,,,,
,,,,,,,,,,,,,,,,,,,,,,,,,,,,,,
,,,,,,,,,,,,,,,,,,,,,,,,,,,,,,
,,,,,,,,,,,,,,,,,,,,,,,,,,,,,,
,,,,,,,,,,,,,,,,,,,,,,,,,,,,,,
,,,,,,,,,,,,,,,,,,,,,,,,,,,,,,
,,,,,,,,,,,,,,,,,,,,,,,,,,,,,,
,,,,,,,,,,,,,,,,,,,,,,,,,,,,,,
,,,,,,,,,,,,,,,,,,,,,,,,,,,,,,
,,,,,,,,,,,,,,,,,,,,,,,,,,,,,,
,,,,,,,,,,,,,,,,,,,,,,,,,,,,,,
,,,,,,,,,,,,,,,,,,,,,,,,,,,,,,
,,,,,,,,,,,,,,,,,,,,,,,,,,,,,,
,,,,,,,,,,,,,,,,,,,,,,,,,,,,,,
,,,,,,,,,,,,,,,,,,,,,,,,,,,,,,
,,,,,,,,,,,,,,,,,,,,,,,,,,,,,,
,,,,,,,,,,,,,,,,,,,,,,,,,,,,,,
,,,,,,,,,,,,,,,,,,,,,,,,,,,,,,
,,,,,,,,,,,,,,,,,,,,,,,,,,,,,,
,,,,,,,,,,,,,,,,,,,,,,,,,,,,,,
,,,,,,,,,,,,,,,,,,,,,,,,,,,,,,
,,,,,,,,,,,,,,,,,,,,,,,,,,,,,,
,,,,,,,,,,,,,,,,,,,,,,,,,,,,,,
,,,,,,,,,,,,,,,,,,,,,,,,,,,,,,
,,,,,,,,,,,,,,,,,,,,,,,,,,,,,,
,,,,,,,,,,,,,,,,,,,,,,,,,,,,,,
,,,,,,,,,,,,,,,,,,,,,,,,,,,,,,
,,,,,,,,,,,,,,,,,,,,,,,,,,,,,,
,,,,,,,,,,,,,,,,,,,,,,,,,,,,,,
,,,,,,,,,,,,,,,,,,,,,,,,,,,,,,
,,,,,,,,,,,,,,,,,,,,,,,,,,,,,,
,,,,,,,,,,,,,,,,,,,,,,,,,,,,,,
,,,,,,,,,,,,,,,,,,,,,,,,,,,,,,
,,,,,,,,,,,,,,,,,,,,,,,,,,,,,,
,,,,,,,,,,,,,,,,,,,,,,,,,,,,,,
,,,,,,,,,,,,,,,,,,,,,,,,,,,,,,
,,,,,,,,,,,,,,,,,,,,,,,,,,,,,,
,,,,,,,,,,,,,,,,,,,,,,,,,,,,,,
,,,,,,,,,,,,,,,,,,,,,,,,,,,,,,
,,,,,,,,,,,,,,,,,,,,,,,,,,,,,,
,,,,,,,,,,,,,,,,,,,,,,,,,,,,,,
,,,,,,,,,,,,,,,,,,,,,,,,,,,,,,
,,,,,,,,,,,,,,,,,,,,,,,,,,,,,,
,,,,,,,,,,,,,,,,,,,,,,,,,,,,,,
,,,,,,,,,,,,,,,,,,,,,,,,,,,,,,
,,,,,,,,,,,,,,,,,,,,,,,,,,,,,,
,,,,,,,,,,,,,,,,,,,,,,,,,,,,,,
,,,,,,,,,,,,,,,,,,,,,,,,,,,,,,
,,,,,,,,,,,,,,,,,,,,,,,,,,,,,,
,,,,,,,,,,,,,,,,,,,,,,,,,,,,,,
,,,,,,,,,,,,,,,,,,,,,,,,,,,,,,
,,,,,,,,,,,,,,,,,,,,,,,,,,,,,,
,,,,,,,,,,,,,,,,,,,,,,,,,,,,,,
,,,,,,,,,,,,,,,,,,,,,,,,,,,,,,
,,,,,,,,,,,,,,,,,,,,,,,,,,,,,,
,,,,,,,,,,,,,,,,,,,,,,,,,,,,,,
,,,,,,,,,,,,,,,,,,,,,,,,,,,,,,
,,,,,,,,,,,,,,,,,,,,,,,,,,,,,,
,,,,,,,,,,,,,,,,,,,,,,,,,,,,,,
,,,,,,,,,,,,,,,,,,,,,,,,,,,,,,
,,,,,,,,,,,,,,,,,,,,,,,,,,,,,,
,,,,,,,,,,,,,,,,,,,,,,,,,,,,,,
,,,,,,,,,,,,,,,,,,,,,,,,,,,,,,
,,,,,,,,,,,,,,,,,,,,,,,,,,,,,,
,,,,,,,,,,,,,,,,,,,,,,,,,,,,,,
,,,,,,,,,,,,,,,,,,,,,,,,,,,,,,
,,,,,,,,,,,,,,,,,,,,,,,,,,,,,,
,,,,,,,,,,,,,,,,,,,,,,,,,,,,,,
,,,,,,,,,,,,,,,,,,,,,,,,,,,,,,
,,,,,,,,,,,,,,,,,,,,,,,,,,,,,,
,,,,,,,,,,,,,,,,,,,,,,,,,,,,,,
,,,,,,,,,,,,,,,,,,,,,,,,,,,,,,
,,,,,,,,,,,,,,,,,,,,,,,,,,,,,,
,,,,,,,,,,,,,,,,,,,,,,,,,,,,,,
,,,,,,,,,,,,,,,,,,,,,,,,,,,,,,
,,,,,,,,,,,,,,,,,,,,,,,,,,,,,,
,,,,,,,,,,,,,,,,,,,,,,,,,,,,,,
,,,,,,,,,,,,,,,,,,,,,,,,,,,,,,
,,,,,,,,,,,,,,,,,,,,,,,,,,,,,,
,,,,,,,,,,,,,,,,,,,,,,,,,,,,,,
,,,,,,,,,,,,,,,,,,,,,,,,,,,,,,
,,,,,,,,,,,,,,,,,,,,,,,,,,,,,,
,,,,,,,,,,,,,,,,,,,,,,,,,,,,,,
,,,,,,,,,,,,,,,,,,,,,,,,,,,,,,
,,,,,,,,,,,,,,,,,,,,,,,,,,,,,,
,,,,,,,,,,,,,,,,,,,,,,,,,,,,,,
,,,,,,,,,,,,,,,,,,,,,,,,,,,,,,
,,,,,,,,,,,,,,,,,,,,,,,,,,,,,,
,,,,,,,,,,,,,,,,,,,,,,,,,,,,,,
,,,,,,,,,,,,,,,,,,,,,,,,,,,,,,
,,,,,,,,,,,,,,,,,,,,,,,,,,,,,,
